model_id_primary_key,platform_name_foreign_key,model_family,model_version,model_variants,model_size,model_size_unit,model_type,model_architecture,parameters_count,context_window_size,token_limit
,3scale API Management,,,,,,,,,,
,Accenture Applied Intelligence,,,,,,,,,,
,AccuRanker,,,,,,,,,,
,ActiveCampaign,,,,,,,,,,
,ActivePieces,,,,,,,,,,
,Ada,,,,,,,,,,
,Adaptive Insights,,,,,,,,,,
,AdCreative.ai,,,,,,,,,,
,Adept,,,,,,,,,,
,AdEspresso,,,,,,,,,,
,ADLINK Edge,,,,,,,,,,
,ADLINK Edge AI,,,,,,,,,,
,ADLINK Vortex Edge,,,,,,,,,,
,Adobe Analytics,,,,,,,,,,
,Adobe Experience Manager,,,,,,,,,,
,Adobe Firefly,,,,,,,,,,
,Adobe Spark,,,,,,,,,,
,Adon AI,,,,,,,,,,
,AdRoll,,,,,,,,,,
,AdThrive,,,,,,,,,,
,Advantech WISE-PaaS,,,,,,,,,,
,Advian Edge AI,,,,,,,,,,
,AdYouLike,,,,,,,,,,
,Adzooma,,,,,,,,,,
,Agorapulse,,,,,,,,,,
,Ahrefs,,,,,,,,,,
,AI Dungeon,,,,,,,,,,
,AI Fairness 360,,,,,,,,,,
,AI Kernel Explorer,,,,,,,,,,
,AI Poem Generator,,,,,,,,,,
,AI Watermark Remover,,,,,,,,,,
,AI Wedding Toast,,,,,,,,,,
,AI Writer,,,,,,,,,,
,AI21 Labs,,,,,,,,,,
,AI21 Labs (Jurassic),,,,,,,,,,
,AI21 Labs Jurassic-2,,,,,,,,,,
,AI2sql,,,,,,,,,,
,AICaller.io,,,,,,,,,,
,AICamp,,,,,,,,,,
,Aidbase,,,,,,,,,,
,AI-Flow,,,,,,,,,,
,aiPDF,,,,,,,,,,
,Airtable,,,,,,,,,,
,AISaver,,,,,,,,,,
,AISEO,,,,,,,,,,
,Aisera,,,,,,,,,,
,Aispect,,,,,,,,,,
,AITO AI,,,,,,,,,,
,AIVA,,,,,,,,,,
,AI-Writer,,,,,,,,,,
,AIX360 (AI Explainability 360),,,,,,,,,,
,Ajelix,,,,,,,,,,
,Akana API Platform,,,,,,,,,,
,Akraino Edge Stack (LF),,,,,,,,,,
,Albert AI,,,,,,,,,,
,Aleph Alpha,,,,,,,,,,
,Algorithmia,,,,,,,,,,
,Alibaba Cloud AI,,,,,,,,,,
,Alibaba Explainable AI Toolkit,,,,,,,,,,
,Alibi,,,,,,,,,,
,Alibi (by Seldon),,,,,,,,,,
,AllenNLP,,,,,,,,,,
,Allocadia,,,,,,,,,,
,Alpaca,,,,,,,,,,
,AlphaCode,,,,,,,,,,
,Alteryx,,,,,,,,,,
,alwaysAI,,,,,,,,,,
,Amazon Advertising,,,,,,,,,,
,Amazon Automated Reasoning,,,,,,,,,,
,Amazon CodeWhisperer,,,,,,,,,,
,Amazon Q Developer,,,,,,,,,,
,Amazon SageMaker,,,,,,,,,,
,Amazon SageMaker Clarify,,,,,,,,,,
,Amazon Web Services (AWS) AI,,,,,,,,,,
,Amazon Web Services AI,,,,,,,,,,
,Anaconda,,,,,,,,,,
,Anchor Explanations,,,,,,,,,,
,Animoto,,,,,,,,,,
,AnkiDecks AI,,,,,,,,,,
,Anthropic,,,,,,,,,,
,Anthropic Claude,,,,,,,,,,
,Anthropic Claude 2.1,,,,,,,,,,
,Anthropic Claude 3.0,,,,,,,,,,
,Anyword,,,,,,,,,,
,Apache MXNet,,,,,,,,,,
,Apigee API Management,,,,,,,,,,
,APIPark,,,,,,,,,,
,Apple Neural Engine,,,,,,,,,,
,AppNexus,,,,,,,,,,
,Arago HIRO,,,,,,,,,,
,Architecture Helper,,,,,,,,,,
,Arcwise,,,,,,,,,,
,Arize AI,,,,,,,,,,
,Arm Holdings,,,,,,,,,,
,Arm Pelion,,,,,,,,,,
,Artbreeder,,,,,,,,,,
,Arthur AI,,,,,,,,,,
,Aruba EdgeConnect (HPE),,,,,,,,,,
,Asana,,,,,,,,,,
,AskCodi,,,,,,,,,,
,AskCSV,,,,,,,,,,
,AspireIQ,,,,,,,,,,
,AssemblyAI,,,,,,,,,,
,Audiense,,,,,,,,,,
,AutoGLM by Zhipu,,,,,,,,,,
,Automate.io,,,,,,,,,,
,Automateo,,,,,,,,,,
,Automation Anywhere,,,,,,,,,,
,Automatisch,,,,,,,,,,
,AutoML by Google Cloud,,,,,,,,,,
,Autopilot,,,,,,,,,,
,Avatar AI,,,,,,,,,,
,AWeber,,,,,,,,,,
,AWS API Gateway,,,,,,,,,,
,AWS Edge Services,,,,,,,,,,
,AWS Greengrass,,,,,,,,,,
,AWS IoT Greengrass,,,,,,,,,,
,AWS Rekognition,,,,,,,,,,
,Ayanza,,,,,,,,,,
,Ayasdi,,,,,,,,,,
,Ayasdi (SymphonyAI),,,,,,,,,,
,Aylien,,,,,,,,,,
,Azion Edge AI,,,,,,,,,,
,Azure API Management,,,,,,,,,,
,Azure IoT Edge,,,,,,,,,,
,Azure Machine Learning,,,,,,,,,,
,Azure OpenAI Service,,,,,,,,,,
,Azure SQL Edge,,,,,,,,,,
,Babylon Health,,,,,,,,,,
,Baichuan-7|13B,,,,,,,,,,
,Baidu AI,,,,,,,,,,
,balena,,,,,,,,,,
,Bard by Google,,,,,,,,,,
,Bark,,,,,,,,,,
,Basecamp,,,,,,,,,,
,Based AI,,,,,,,,,,
,BayesiaLab,,,,,,,,,,
,BCMS,,,,,,,,,,
,Bearly AI,,,,,,,,,,
,Beatoven.ai,,,,,,,,,,
,BeeFree,,,,,,,,,,
,BigML,,,,,,,,,,
,Bing Ads,,,,,,,,,,
,Black Headshots,,,,,,,,,,
,Blaize,,,,,,,,,,
,Blaize AI,,,,,,,,,,
,BlenderBot,,,,,,,,,,
,Bloom,,,,,,,,,,
,BLOOMZ&mT0,,,,,,,,,,
,Blue Prism,,,,,,,,,,
,Boomerang for Gmail,,,,,,,,,,
,Boomi API Management,,,,,,,,,,
,Boomy,,,,,,,,,,
,Bosch IoT Edge,,,,,,,,,,
,Botpress,,,,,,,,,,
,BrainChip Akida,,,,,,,,,,
,Brand24,,,,,,,,,,
,Brandfolder,,,,,,,,,,
,BrandMaker,,,,,,,,,,
,Brandmark,,,,,,,,,,
,Brandwatch,,,,,,,,,,
,BrightLocal,,,,,,,,,,
,Buffer,,,,,,,,,,
,Buffer’s AI Assistant,,,,,,,,,,
,BuzzStream,,,,,,,,,,
,BuzzSumo,,,,,,,,,,
,Bynder,,,,,,,,,,
,ByteDance Doubao-1.5-pro,,,,,,,,,,
,C3 AI,,,,,,,,,,
,C3.ai,,,,,,,,,,
,Caffe,,,,,,,,,,
,Caffe2,,,,,,,,,,
,Cald.ai,,,,,,,,,,
,Cambricon,,,,,,,,,,
,Campaign Monitor,,,,,,,,,,
,Canto,,,,,,,,,,
,Canva,,,,,,,,,,
,Captum,,,,,,,,,,
,Captum (Meta),,,,,,,,,,
,Catalytic,,,,,,,,,,
,CausaLens,,,,,,,,,,
,Celoxis,,,,,,,,,,
,Cerebras,,,,,,,,,,
,Cerebras AI,,,,,,,,,,
,Cerebras CS-3,,,,,,,,,,
,Chai,,,,,,,,,,
,Chainer,,,,,,,,,,
,Chamaileon,,,,,,,,,,
,Character.ai,,,,,,,,,,
,Chatbot.com,,,,,,,,,,
,Chatfuel,,,,,,,,,,
,ChatGPT,,,,,,,,,,
,ChatGPT by OpenAI,,,,,,,,,,
,ChatGPT for Excel,,,,,,,,,,
,ChatGPT for Google,,,,,,,,,,
,ChatPDF,,,,,,,,,,
,ChatSonic,,,,,,,,,,
,ChatWithCloud,,,,,,,,,,
,Cisco IOx,,,,,,,,,,
,Civitai,,,,,,,,,,
,CJ Affiliate,,,,,,,,,,
,Clara Labs,,,,,,,,,,
,Clarifai,,,,,,,,,,
,Claritas,,,,,,,,,,
,Claude (Anthropic),,,,,,,,,,
,Claude 3,,,,,,,,,,
,Claude AI,,,,,,,,,,
,Clearbit,,,,,,,,,,
,ClearBlade Edge,,,,,,,,,,
,Clearscope,,,,,,,,,,
,Cleverbot,,,,,,,,,,
,Clickable,,,,,,,,,,
,ClickUp,,,,,,,,,,
,ClipDrop,,,,,,,,,,
,Clipwing,,,,,,,,,,
,Clockwise,,,,,,,,,,
,ClosersCopy,,,,,,,,,,
,Cloudera (MLOps Suite),,,,,,,,,,
,Cloverpop,,,,,,,,,,
,CNTK,,,,,,,,,,
,co:here,,,,,,,,,,
,Code to Flow,,,,,,,,,,
,CodeComplete,,,,,,,,,,
,CodeGeeX,,,,,,,,,,
,CodeGPT,,,,,,,,,,
,Codeium,,,,,,,,,,
,CodeQwen-7B,,,,,,,,,,
,CodeRabbit,,,,,,,,,,
,CodeT5,,,,,,,,,,
,Codiga,,,,,,,,,,
,CodiumAI,,,,,,,,,,
,Coefficient,,,,,,,,,,
,Cogito (Extra Horizon),,,,,,,,,,
,Cogram,,,,,,,,,,
,CogVLM2-19B,,,,,,,,,,
,Cohere,,,,,,,,,,
,Colossyan,,,,,,,,,,
,Command R-35B,,,,,,,,,,
,Compass,,,,,,,,,,
,Compose AI,,,,,,,,,,
,Confluence,,,,,,,,,,
,Consensus,,,,,,,,,,
,Constant Contact,,,,,,,,,,
,Contenda,,,,,,,,,,
,ContentBot,,,,,,,,,,
,ContentStudio,,,,,,,,,,
,Context Data,,,,,,,,,,
,Continue,,,,,,,,,,
,ConvertKit,,,,,,,,,,
,Copilot by Microsoft,,,,,,,,,,
,Copy.ai,,,,,,,,,,
,CopyDash,,,,,,,,,,
,Copyleaks,,,,,,,,,,
,CopyMonkey,,,,,,,,,,
,CopySmith,,,,,,,,,,
,Coqui,,,,,,,,,,
,CoSchedule,,,,,,,,,,
,Counterfactual Explanations,,,,,,,,,,
,Cplex (IBM ILOG),,,,,,,,,,
,CPM-Bee-1|2|5|10B,,,,,,,,,,
,Craiyon,,,,,,,,,,
,Crayon,,,,,,,,,,
,Crazy Egg,,,,,,,,,,
,Creately,,,,,,,,,,
,Credo AI,,,,,,,,,,
,Crimson Hexagon,,,,,,,,,,
,Criteo,,,,,,,,,,
,Crowdfire,,,,,,,,,,
,Curata,,,,,,,,,,
,Cursor,,,,,,,,,,
,CustomPod.io,,,,,,,,,,
,Cyc (Cycorp),,,,,,,,,,
,DALEX,,,,,,,,,,
,DALL·E,,,,,,,,,,
,DALL·E 2,,,,,,,,,,
,DALL-E 3,,,,,,,,,,
,DALL-E 3 by OpenAI,,,,,,,,,,
,Dart,,,,,,,,,,
,DarwinAI,,,,,,,,,,
,Databricks,,,,,,,,,,
,Databricks Mosaic,,,,,,,,,,
,Databricks Unified Data Analytics Platform,,,,,,,,,,
,Dataiku,,,,,,,,,,
,DataRobot,,,,,,,,,,
,Datatron,,,,,,,,,,
,Dear AI,,,,,,,,,,
,Debuild,,,,,,,,,,
,Deep Research by OpenAI,,,,,,,,,,
,DeepArt,,,,,,,,,,
,DeepBrain AI,,,,,,,,,,
,DeepCode AI,,,,,,,,,,
,DeepCrawl,,,,,,,,,,
,DeepDetect,,,,,,,,,,
,DeepExpert (SparkCognition),,,,,,,,,,
,DeepL,,,,,,,,,,
,DeepL Translator,,,,,,,,,,
,DeepL Write,,,,,,,,,,
,DeepLIFT,,,,,,,,,,
,DeepMind,,,,,,,,,,
,DeepMind AlphaFold,,,,,,,,,,
,DeepMind AlphaGo,,,,,,,,,,
,DeepPavlov,,,,,,,,,,
,DeepSeek,,,,,,,,,,
,DeepSeek Flash-Lite,,,,,,,,,,
,DeepSeek R1,,,,,,,,,,
,DeepSeek-Coder-1.3|6.7|7|33B,,,,,,,,,,
,DeepSeek-Math-7B,,,,,,,,,,
,DeepSeek-MoE-16B,,,,,,,,,,
,DeepSeek-R1,,,,,,,,,,
,DeepSeek-R2,,,,,,,,,,
,DeepSeek-VL-1.3|7B,,,,,,,,,,
,Dell Edge Gateway,,,,,,,,,,
,Descript,,,,,,,,,,
,Devin AI,,,,,,,,,,
,Diagram,,,,,,,,,,
,DiCE (Diverse Counterfactual Explanation),,,,,,,,,,
,D-ID,,,,,,,,,,
,Diffbot,,,,,,,,,,
,DiffusionDB,,,,,,,,,,
,Dittto.ai,,,,,,,,,,
,DL4J,,,,,,,,,,
,Dlvr.it,,,,,,,,,,
,Dola AI,,,,,,,,,,
,Domino Data Lab,,,,,,,,,,
,Domo,,,,,,,,,,
,Domoic.ai,,,,,,,,,,
,Doubao-1.5-pro by ByteDance,,,,,,,,,,
,DragApp,,,,,,,,,,
,DragGAN,,,,,,,,,,
,DreamFactory,,,,,,,,,,
,DreamStudio,,,,,,,,,,
,Drift,,,,,,,,,,
,Drip,,,,,,,,,,
,Drools (JBoss),,,,,,,,,,
,Drupal,,,,,,,,,,
,Duet AI for Developers,,,,,,,,,,
,Dynamic Yield,,,,,,,,,,
,Easy Redmine,,,,,,,,,,
,eClincher,,,,,,,,,,
,Eclipse,,,,,,,,,,
,Eclipse Kura,,,,,,,,,,
,Ecrett Music,,,,,,,,,,
,Edge Impulse,,,,,,,,,,
,EdgeX Foundry,,,,,,,,,,
,Elai.io,,,,,,,,,,
,eldon,,,,,,,,,,
,Elephas,,,,,,,,,,
,Eleven Labs,,,,,,,,,,
,ELI5,,,,,,,,,,
,Elicit,,,,,,,,,,
,ELIZA,,,,,,,,,,
,EmailTriager,,,,,,,,,,
,Emilio,,,,,,,,,,
,EnCharge AI,,,,,,,,,,
,Eta Compute ECM3532,,,,,,,,,,
,Exam Samurai,,,,,,,,,,
,Excel AI Formula Generator,,,,,,,,,,
,Excelformulabot,,,,,,,,,,
,ExcelFormulaGenius,,,,,,,,,,
,Expert.ai Platform,,,,,,,,,,
,ExplainerDashboard,,,,,,,,,,
,Explainpaper,,,,,,,,,,
,ExplainX.ai,,,,,,,,,,
,Exsys CORVID,,,,,,,,,,
,ezJobs,,,,,,,,,,
,Facebook Ads Manager,,,,,,,,,,
,Facebook Ads Retargeting,,,,,,,,,,
,Facets,,,,,,,,,,
,FairML,,,,,,,,,,
,Fairness Indicators,,,,,,,,,,
,Fairseq,,,,,,,,,,
,FairyTailAI,,,,,,,,,,
,FARSITE,,,,,,,,,,
,Fast.ai,,,,,,,,,,
,Fathom,,,,,,,,,,
,FauxPilot,,,,,,,,,,
,FeedHive,,,,,,,,,,
,Feedly,,,,,,,,,,
,FICO Explainable AI,,,,,,,,,,
,Fiddler,,,,,,,,,,
,Figstack,,,,,,,,,,
,FinChat,,,,,,,,,,
,Fireflies.ai,,,,,,,,,,
,Flick,,,,,,,,,,
,Float,,,,,,,,,,
,Flow XO,,,,,,,,,,
,Flowrite,,,,,,,,,,
,Flowshot.ai,,,,,,,,,,
,FogHorn,,,,,,,,,,
,Forecast,,,,,,,,,,
,Forefront AI,,,,,,,,,,
,Forethought,,,,,,,,,,
,FormulaBoost,,,,,,,,,,
,Frase,,,,,,,,,,
,Freedman AI,,,,,,,,,,
,Freshdesk,,,,,,,,,,
,Friends+Me,,,,,,,,,,
,Fusio,,,,,,,,,,
,Galactica,,,,,,,,,,
,Gamma,,,,,,,,,,
,GanttPRO,,,,,,,,,,
,GauGAN2,,,,,,,,,,
,GCP AutoML,,,,,,,,,,
,Gemini,,,,,,,,,,
,Genei,,,,,,,,,,
,Generative Design by Autodesk,,,,,,,,,,
,Genesys,,,,,,,,,,
,Genesys DX (Bold360),,,,,,,,,,
,Gensbot,,,,,,,,,,
,GenShare,,,,,,,,,,
,Gensim,,,,,,,,,,
,GetResponse,,,,,,,,,,
,Ghostwriter,,,,,,,,,,
,Gist AI,,,,,,,,,,
,GitHub Copilot,,,,,,,,,,
,GitLab Code Suggestions,,,,,,,,,,
,Gliffy,,,,,,,,,,
,GLM-2|6|10|13|70B,,,,,,,,,,
,GlockApps,,,,,,,,,,
,Gluon,,,,,,,,,,
,Google Ads,,,,,,,,,,
,Google Ads Remarketing,,,,,,,,,,
,Google AI Studio,,,,,,,,,,
,Google Analytics,,,,,,,,,,
,Google Analytics for Email,,,,,,,,,,
,Google Bard,,,,,,,,,,
,Google Cloud AI,,,,,,,,,,
,Google Cloud AI APIs,,,,,,,,,,
,Google Cloud Explainable AI,,,,,,,,,,
,Google Cloud IoT Edge,,,,,,,,,,
,Google Cloud Vision API,,,,,,,,,,
,Google Coral,,,,,,,,,,
,Google Data Studio,,,,,,,,,,
,Google Display Network,,,,,,,,,,
,Google Gemini,,,,,,,,,,
,Google Gemini 2.0,,,,,,,,,,
,Google Gemini 2.0 Flash Thinking,,,,,,,,,,
,Google Gemini 2.0 Pro,,,,,,,,,,
,Google Marketing Platform,,,,,,,,,,
,Google Optimize,,,,,,,,,,
,Google PageSpeed Insights,,,,,,,,,,
,Google Search Console,,,,,,,,,,
,Google Sheets Explore,,,,,,,,,,
,Google Surveys,,,,,,,,,,
,Google Vertex AI,,,,,,,,,,
,Gopher,,,,,,,,,,
,GOSH,,,,,,,,,,
,GPT for Sheets™ and Docs™,,,,,,,,,,
,GPT for Work,,,,,,,,,,
,GPT plus Google Docs™,,,,,,,,,,
,GPT Workspace,,,,,,,,,,
,GPT-4 (OpenAI),,,,,,,,,,
,gpt4all,,,,,,,,,,
,GPT-4o Mini,,,,,,,,,,
,GPT-Code UI,,,,,,,,,,
,GPTExcel,,,,,,,,,,
,GPTHelp.ai,,,,,,,,,,
,Grad-CAM,,,,,,,,,,
,GradGPT,,,,,,,,,,
,Grammarly,,,,,,,,,,
,Graphcore,,,,,,,,,,
,Gravio Edge IoT Platform,,,,,,,,,,
,Gravitee.io,,,,,,,,,,
,GreenWaves GAP8,,,,,,,,,,
,Grin,,,,,,,,,,
,GrowthBar,,,,,,,,,,
,GTmetrix,,,,,,,,,,
,GummySearch,,,,,,,,,,
,Gyrfalcon Lightspeeur,,,,,,,,,,
,H2O AI Cloud,,,,,,,,,,
,H2O.ai,,,,,,,,,,
,H2O.ai Driverless AI,,,,,,,,,,
,Hailo AI Processor,,,,,,,,,,
,Hailo-8 AI Processor,,,,,,,,,,
,Harbor,,,,,,,,,,
,Harmonai,,,,,,,,,,
,Have I Been Trained?,,,,,,,,,,
,Haystack,,,,,,,,,,
,Headlime,,,,,,,,,,
,Helicone,,,,,,,,,,
,Help Scout,,,,,,,,,,
,Hemingway,,,,,,,,,,
,Hexabot,,,,,,,,,,
,Heybounce,,,,,,,,,,
,Hivecell,,,,,,,,,,
,Hiver,,,,,,,,,,
,Hootsuite,,,,,,,,,,
,Hotjar,,,,,,,,,,
,Hour One,,,,,,,,,,
,HPE Edgeline,,,,,,,,,,
,Huawei Ascend,,,,,,,,,,
,Huawei Atlas,,,,,,,,,,
,HubSpot,,,,,,,,,,
,HubSpot AI,,,,,,,,,,
,HubSpot CMS,,,,,,,,,,
,HubSpot Content Assistant,,,,,,,,,,
,HubSpot CRM,,,,,,,,,,
,HubSpot Forecasting Tool,,,,,,,,,,
,HubSpot Persona Builder,,,,,,,,,,
,Hugging Face,,,,,,,,,,
,Hugging Face Inference API,,,,,,,,,,
,Hugging Face Transformers,,,,,,,,,,
,Huginn,,,,,,,,,,
,Human Generator,,,,,,,,,,
,Hunter.io,,,,,,,,,,
,Hunyuan by Tencent,,,,,,,,,,
,HyperWrite,,,,,,,,,,
,Hypotenuse AI,,,,,,,,,,
,IBISWorld,,,,,,,,,,
,IBM API Connect,,,,,,,,,,
,IBM Cloud Pak for Data,,,,,,,,,,
,IBM Edge Application Manager,,,,,,,,,,
,IBM Project Debater,,,,,,,,,,
,IBM Watson,,,,,,,,,,
,IBM Watson Discovery,,,,,,,,,,
,IBM Watson Knowledge Studio,,,,,,,,,,
,IBM Watson OpenScale,,,,,,,,,,
,IBM Watson Studio,,,,,,,,,,
,IBM Watsonx,,,,,,,,,,
,iColoring,,,,,,,,,,
,IFTTT,,,,,,,,,,
,Imagen,,,,,,,,,,
,Inbenta,,,,,,,,,,
,Infermedica,,,,,,,,,,
,Inflection AI,,,,,,,,,,
,Inflection AI (Pi),,,,,,,,,,
,Infosys Nia,,,,,,,,,,
,Infusionsoft,,,,,,,,,,
,INK Editor,,,,,,,,,,
,INK for All,,,,,,,,,,
,INK for SEO,,,,,,,,,,
,Inline Help,,,,,,,,,,
,iNNvestigate,,,,,,,,,,
,Integromat,,,,,,,,,,
,Intel Neural Compute Stick,,,,,,,,,,
,Intel OpenVINO,,,,,,,,,,
,IntelliJ IDEA,,,,,,,,,,
,Intercom,,,,,,,,,,
,InternLM2-1.8|7|20B,,,,,,,,,,
,InternLM-Math-7B|20B,,,,,,,,,,
,InternLM-XComposer2-1.8|7B,,,,,,,,,,
,InternVL-2|6|14|26,,,,,,,,,,
,InterpretML,,,,,,,,,,
,Interview Solver,,,,,,,,,,
,Interviews Chat,,,,,,,,,,
,Iris.ai,,,,,,,,,,
,Jarvis (Conversion AI),,,,,,,,,,
,Jasper,,,,,,,,,,
,Jasper AI,,,,,,,,,,
,Jedi,,,,,,,,,,
,Jenni,,,,,,,,,,
,Jenni AI,,,,,,,,,,
,JetBrains AI,,,,,,,,,,
,JioBrain,,,,,,,,,,
,Jira,,,,,,,,,,
,Joomla,,,,,,,,,,
,Julius AI,,,,,,,,,,
,Kafkai,,,,,,,,,,
,Kahoot AI,,,,,,,,,,
,Kazimir.ai,,,,,,,,,,
,Kendryte K210,,,,,,,,,,
,Kensho,,,,,,,,,,
,Keploy,,,,,,,,,,
,Keras,,,,,,,,,,
,KeywordTool.io,,,,,,,,,,
,Kimi k1.5 by Moonshot AI,,,,,,,,,,
,Kite,,,,,,,,,,
,Klaviyo,,,,,,,,,,
,Klipfolio,,,,,,,,,,
,Kneron,,,,,,,,,,
,KNIME,,,,,,,,,,
,KNIME Analytics Platform,,,,,,,,,,
,Komo AI,,,,,,,,,,
,Kompyte,,,,,,,,,,
,Konan,,,,,,,,,,
,Kong Enterprise,,,,,,,,,,
,Kontron K-Edge,,,,,,,,,,
,Kore.ai,,,,,,,,,,
,Kore.ai XO Platform,,,,,,,,,,
,KrakenD,,,,,,,,,,
,KREA,,,,,,,,,,
,Kuki,,,,,,,,,,
,Kuki Chatbot,,,,,,,,,,
,Kyndi,,,,,,,,,,
,L2X (Learning to Explain),,,,,,,,,,
,LAIKA,,,,,,,,,,
,Lalal.ai,,,,,,,,,,
,LangChain,,,,,,,,,,
,Langfuse,,,,,,,,,,
,Lately,,,,,,,,,,
,Later,,,,,,,,,,
,Lattice sensAI,,,,,,,,,,
,Lavender,,,,,,,,,,
,Le Chat by Mistral AI,,,,,,,,,,
,Leadfeeder,,,,,,,,,,
,Learn Prompting,,,,,,,,,,
,Lemmy,,,,,,,,,,
,Lenovo ThinkEdge,,,,,,,,,,
,Lensa,,,,,,,,,,
,Let's Enhance,,,,,,,,,,
,Lex,,,,,,,,,,
,Lexica,,,,,,,,,,
,Libraire,,,,,,,,,,
,LightTag,,,,,,,,,,
,LIME (Local Interpretable Model-Agnostic Explanations),,,,,,,,,,
,Linguix,,,,,,,,,,
,LiquidPlanner,,,,,,,,,,
,Listomatic,,,,,,,,,,
,Litmus,,,,,,,,,,
,Litmus Builder,,,,,,,,,,
,LLaMA,,,,,,,,,,
,Llama 2,,,,,,,,,,
,Llama 2 (Meta),,,,,,,,,,
,Llama 2 by Meta,,,,,,,,,,
,LlamaIndex,,,,,,,,,,
,LMQL,,,,,,,,,,
,LogicBalls,,,,,,,,,,
,LogicNets,,,,,,,,,,
,LongShot AI,,,,,,,,,,
,Looker,,,,,,,,,,
,Loomly,,,,,,,,,,
,Loop AI,,,,,,,,,,
,Loopin AI,,,,,,,,,,
,Loudly,,,,,,,,,,
,LRP (Layer-wise Relevance Propagation),,,,,,,,,,
,Lucid AI,,,,,,,,,,
,Lucidchart,,,,,,,,,,
,Lumen5,,,,,,,,,,
,Luzmo,,,,,,,,,,
,Mage,,,,,,,,,,
,Magic Eraser,,,,,,,,,,
,Magic Write by Canva,,,,,,,,,,
,Mailchimp,,,,,,,,,,
,Mailjet,,,,,,,,,,
,Mailtrap,,,,,,,,,,
,Majestic,,,,,,,,,,
,Make,,,,,,,,,,
,Make-A-Scene,,,,,,,,,,
,ManyChat,,,,,,,,,,
,Marblism,,,,,,,,,,
,Marian NMT,,,,,,,,,,
,Marin Software,,,,,,,,,,
,MarketMuse,,,,,,,,,,
,Marketo,,,,,,,,,,
,MarketShare,,,,,,,,,,
,MarkovML,,,,,,,,,,
,Mashery API Management,,,,,,,,,,
,Mavenlink,,,,,,,,,,
,MavSocial,,,,,,,,,,
,Maxim AI,,,,,,,,,,
,MediaMath,,,,,,,,,,
,MediaTek NeuroPilot,,,,,,,,,,
,MeetEdgar,,,,,,,,,,
,MeetGeek,,,,,,,,,,
,Meltwater,,,,,,,,,,
,Mem,,,,,,,,,,
,MemFree,,,,,,,,,,
,Mender,,,,,,,,,,
,Mention,,,,,,,,,,
,Mentionlytics,,,,,,,,,,
,Meta AI,,,,,,,,,,
,Meta Llama 3,,,,,,,,,,
,Meta Llama 4,,,,,,,,,,
,MetaGPT,,,,,,,,,,
,Metaphor,,,,,,,,,,
,Meya,,,,,,,,,,
,Microsoft Azure,,,,,,,,,,
,Microsoft Azure AI,,,,,,,,,,
,Microsoft Azure IoT Edge,,,,,,,,,,
,Microsoft Azure ML Interpretability,,,,,,,,,,
,Microsoft Azure OpenAI,,,,,,,,,,
,Microsoft Azure OpenAI Service,,,,,,,,,,
,Microsoft Bing Chat,,,,,,,,,,
,Microsoft Copilot,,,,,,,,,,
,Microsoft DeepSpeed,,,,,,,,,,
,Microsoft Designer,,,,,,,,,,
,Microsoft Dynamics 365,,,,,,,,,,
,Microsoft IntelliCode,,,,,,,,,,
,Microsoft Power Automate,,,,,,,,,,
,Microsoft Project,,,,,,,,,,
,MicroStrategy,,,,,,,,,,
,Midjourney,,,,,,,,,,
,mimik Edge Cloud,,,,,,,,,,
,MindBridge Ai Auditor,,,,,,,,,,
,MindMeld (Cisco),,,,,,,,,,
,MindsDB,,,,,,,,,,
,MiniCPM-2B,,,,,,,,,,
,Mintlify,,,,,,,,,,
,Missinglettr,,,,,,,,,,
,Mistral AI,,,,,,,,,,
,Mitsuku,,,,,,,,,,
,Mixmax,,,,,,,,,,
,MixMod,,,,,,,,,,
,ModelOp,,,,,,,,,,
,modyfi,,,,,,,,,,
,Mokkup,,,,,,,,,,
,Monday.com,,,,,,,,,,
,Moonbeam,,,,,,,,,,
,Motion,,,,,,,,,,
,Moveworks,,,,,,,,,,
,Moz,,,,,,,,,,
,Moz Link Explorer,,,,,,,,,,
,Moz Local,,,,,,,,,,
,Mubert,,,,,,,,,,
,MuleSoft Anypoint Platform,,,,,,,,,,
,Murf AI,,,,,,,,,,
,MusicLM,,,,,,,,,,
,MutableAI,,,,,,,,,,
,MutahunterAI,,,,,,,,,,
,Mutiny,,,,,,,,,,
,Myriad,,,,,,,,,,
,Mythic AI,,,,,,,,,,
,n8n,,,,,,,,,,
,Napkin,,,,,,,,,,
,Narrato,,,,,,,,,,
,Nativo,,,,,,,,,,
,NeetoDesk,,,,,,,,,,
,NeevaAI,,,,,,,,,,
,Nekton AI,,,,,,,,,,
,Nemotron-4-340B,,,,,,,,,,
,Neota Logic,,,,,,,,,,
,Neptune.io,,,,,,,,,,
,NetBeans,,,,,,,,,,
,NeuralText,,,,,,,,,,
,Neuroflash,,,,,,,,,,
,Neuton AI,,,,,,,,,,
,Never Jobless LinkedIn Message Generator,,,,,,,,,,
,Nexus AI,,,,,,,,,,
,Nginx API Gateway,,,,,,,,,,
,Nielsen Marketing Cloud,,,,,,,,,,
,NL2Formula,,,,,,,,,,
,Nokia MX Industrial Edge,,,,,,,,,,
,Notion,,,,,,,,,,
,Notion AI,,,,,,,,,,
,Numerous.ai,,,,,,,,,,
,NVIDIA AI,,,,,,,,,,
,NVIDIA Clara,,,,,,,,,,
,NVIDIA Clara Holoscan,,,,,,,,,,
,NVIDIA EGX Platform,,,,,,,,,,
,NVIDIA Jetson,,,,,,,,,,
,NXP eIQ,,,,,,,,,,
,Obsidian Copilot Auto Completion,,,,,,,,,,
,Ocoya,,,,,,,,,,
,OctoML,,,,,,,,,,
,OLMo-7B,,,,,,,,,,
,OmniLLM-12B,,,,,,,,,,
,OmniXAI (Salesforce Research),,,,,,,,,,
,One AI,,,,,,,,,,
,OneCal,,,,,,,,,,
,OnlyOffice,,,,,,,,,,
,ONNX,,,,,,,,,,
,OpenAI API,,,,,,,,,,
,OpenAI ChatGPT,,,,,,,,,,
,OpenAI Codex,,,,,,,,,,
,OpenAI Cookbook,,,,,,,,,,
,OpenAI Downtime Monitor,,,,,,,,,,
,OpenAI GPT-2,,,,,,,,,,
,OpenAI GPT-3,,,,,,,,,,
,OpenAI GPT-4,,,,,,,,,,
,OpenAI GPT-4o,,,,,,,,,,
,OpenAI o1,,,,,,,,,,
,OpenAI o1-mini,,,,,,,,,,
,OpenAI o3,,,,,,,,,,
,OpenAI o3-mini,,,,,,,,,,
,OpenAI o3-mini-high,,,,,,,,,,
,OpenAI Playground,,,,,,,,,,
,OpenArt,,,,,,,,,,
,OpenELM-1.1|3B,,,,,,,,,,
,OpenNMT,,,,,,,,,,
,OpenText Magellan,,,,,,,,,,
,OpenVINO Toolkit,,,,,,,,,,
,Operator by OpenAI,,,,,,,,,,
,OPT,,,,,,,,,,
,Optimizely,,,,,,,,,,
,Oracle AI,,,,,,,,,,
,Oracle Analytics Cloud,,,,,,,,,,
,Oracle API Management,,,,,,,,,,
,Oracle Cloud AI,,,,,,,,,,
,Oracle Cloud Infrastructure Data Science,,,,,,,,,,
,Otter.ai,,,,,,,,,,
,Outbrain,,,,,,,,,,
,Outranking,,,,,,,,,,
,Outwrite,,,,,,,,,,
,Owler,,,,,,,,,,
,PaddlePaddle,,,,,,,,,,
,Pagerly,,,,,,,,,,
,Pandorabots,,,,,,,,,,
,Parabola,,,,,,,,,,
,ParagraphAI,,,,,,,,,,
,Pardot,,,,,,,,,,
,PathFactory,,,,,,,,,,
,Pathmind,,,,,,,,,,
,Patience.ai,,,,,,,,,,
,Pawtrait,,,,,,,,,,
,PDPbox,,,,,,,,,,
,Pega Platform,,,,,,,,,,
,Pegasystems,,,,,,,,,,
,Peppertype,,,,,,,,,,
,Peppertype.ai,,,,,,,,,,
,Perceive Ergo,,,,,,,,,,
,Perfect Audience,,,,,,,,,,
,Perplexity AI,,,,,,,,,,
,PersonaForce,,,,,,,,,,
,Persuva,,,,,,,,,,
,Petals,,,,,,,,,,
,Phi1-1.3B,,,,,,,,,,
,Phi2-2.7B,,,,,,,,,,
,Phi3-3.8|7|14B,,,,,,,,,,
,Phind,,,,,,,,,,
,Phoenix,,,,,,,,,,
,PhotoRoom,,,,,,,,,,
,Phrasee,,,,,,,,,,
,Phygital,,,,,,,,,,
,Pic Craft,,,,,,,,,,
,Pictory,,,,,,,,,,
,Pieces,,,,,,,,,,
,Piktochart,,,,,,,,,,
,Pinecone,,,,,,,,,,
,Pipedream,,,,,,,,,,
,Pipedrive,,,,,,,,,,
,Pitchbox,,,,,,,,,,
,Piwik PRO,,,,,,,,,,
,Pixelz AI Art Generator,,,,,,,,,,
,Pixvify AI,,,,,,,,,,
,Planable,,,,,,,,,,
,PlanGuru,,,,,,,,,,
,Planoly,,,,,,,,,,
,PlantPhotoAI,,,,,,,,,,
,Platform Name,,,,,,,,,,
,Play.ht,,,,,,,,,,
,Playground AI,,,,,,,,,,
,Pocket,,,,,,,,,,
,podcast.ai,,,,,,,,,,
,Podium,,,,,,,,,,
,PolyAI,,,,,,,,,,
,Polycoder,,,,,,,,,,
,Polymer,,,,,,,,,,
,Ponzu,,,,,,,,,,
,Portkey,,,,,,,,,,
,Post Planner,,,,,,,,,,
,Postcards by Designmodo,,,,,,,,,,
,Postman,,,,,,,,,,
,Postwise,,,,,,,,,,
,Power BI,,,,,,,,,,
,Prediction Guard,,,,,,,,,,
,Predis.ai,,,,,,,,,,
,PressPulse AI,,,,,,,,,,
,Primer.ai,,,,,,,,,,
,privateGPT,,,,,,,,,,
,PromoRepublic,,,,,,,,,,
,Prompt Engineering Guide,,,,,,,,,,
,PromptBase,,,,,,,,,,
,PromptLayer,,,,,,,,,,
,Promptmetheus,,,,,,,,,,
,PromptPal,,,,,,,,,,
,PromptPerfect,,,,,,,,,,
,ProofHub,,,,,,,,,,
,ProWritingAid,,,,,,,,,,
,Publer,,,,,,,,,,
,PublicPrompts,,,,,,,,,,
,PulsePost,,,,,,,,,,
,PyCharm,,,,,,,,,,
,PyTorch,,,,,,,,,,
,Qlik,,,,,,,,,,
,Qodo Gen,,,,,,,,,,
,Qualcomm Snapdragon,,,,,,,,,,
,Qualcomm Snapdragon AI,,,,,,,,,,
,Qualtrics,,,,,,,,,,
,Quartzite AI,,,,,,,,,,
,Quick Creator,,,,,,,,,,
,QuillBot,,,,,,,,,,
,quivr,,,,,,,,,,
,Quuu,,,,,,,,,,
,Qwen,,,,,,,,,,
,Qwen 2.5-Max by Alibaba Cloud,,,,,,,,,,
,Qwen-1.8|7|14|72B,,,,,,,,,,
,Qwen-VL-7B,,,,,,,,,,
,Rainbird,,,,,,,,,,
,Rakuten Advertising,,,,,,,,,,
,Rank Math,,,,,,,,,,
,RapidAPI,,,,,,,,,,
,RapidMiner,,,,,,,,,,
,Rasa,,,,,,,,,,
,Raspberry Pi AI Camera,,,,,,,,,,
,Recall,,,,,,,,,,
,Recast Studio,,,,,,,,,,
,Reclaim.ai,,,,,,,,,,
,RecurPost,,,,,,,,,,
,Red Hat OpenShift at the Edge,,,,,,,,,,
,Redwood (by Redwood Software),,,,,,,,,,
,Redwood AI,,,,,,,,,,
,Refact.ai,,,,,,,,,,
,Refersion,,,,,,,,,,
,Remove.bg,,,,,,,,,,
,Rephrase AI,,,,,,,,,,
,Rephrase.ai,,,,,,,,,,
,Replicate,,,,,,,,,,
,Replika,,,,,,,,,,
,Replit Ghostwriter,,,,,,,,,,
,RepublicLabs.AI,,,,,,,,,,
,Reputology,,,,,,,,,,
,Resemble AI,,,,,,,,,,
,Responsible AI Dashboard (Microsoft),,,,,,,,,,
,Rizzle,,,,,,,,,,
,Robert Miles AI Safety,,,,,,,,,,
,romptloop,,,,,,,,,,
,Room Reinvented,,,,,,,,,,
,Rosie,,,,,,,,,,
,RunDiffusion,,,,,,,,,,
,Runway,,,,,,,,,,
,Runway Gen-2,,,,,,,,,,
,Runway ML,,,,,,,,,,
,RunwayML,,,,,,,,,,
,Rupert AI,,,,,,,,,,
,RWKV-v4|5|6,,,,,,,,,,
,Rytr,,,,,,,,,,
,Salesforce,,,,,,,,,,
,Salesforce Einstein,,,,,,,,,,
,Salesforce Einstein GPT,,,,,,,,,,
,Salesforce Email Studio,,,,,,,,,,
,Samsung Exynos,,,,,,,,,,
,SaneBox,,,,,,,,,,
,SAP AI,,,,,,,,,,
,SAP Analytics Cloud,,,,,,,,,,
,SAP Leonardo,,,,,,,,,,
,Sapling,,,,,,,,,,
,SAS Marketing Mix,,,,,,,,,,
,SAS Visual Data Mining & ML,,,,,,,,,,
,SAS Viya,,,,,,,,,,
,Sassbook AI,,,,,,,,,,
,Scale Computing HC3 Edge,,,,,,,,,,
,Scale Spellbook,,,,,,,,,,
,Scalenut,,,,,,,,,,
,Scalys TrustBox,,,,,,,,,,
,Scenario,,,,,,,,,,
,Scikit-learn,,,,,,,,,,
,Scite,,,,,,,,,,
,Scoop.it,,,,,,,,,,
,Scoro,,,,,,,,,,
,Screaming Frog,,,,,,,,,,
,SDXL,,,,,,,,,,
,SE Ranking,,,,,,,,,,
,Seeed reComputer,,,,,,,,,,
,Segment,,,,,,,,,,
,Seldon,,,,,,,,,,
,Seldon Deploy,,,,,,,,,,
,Sembly AI,,,,,,,,,,
,SEMrush,,,,,,,,,,
,Sendible,,,,,,,,,,
,SendinBlue,,,,,,,,,,
,SensiML,,,,,,,,,,
,SEOWind,,,,,,,,,,
,SERPWatcher,,,,,,,,,,
,Seventh Sense,,,,,,,,,,
,SHAP (SHapley Additive exPlanations),,,,,,,,,,
,SHAPash,,,,,,,,,,
,ShareASale,,,,,,,,,,
,SheetAgent,,,,,,,,,,
,SheetAI,,,,,,,,,,
,SheetAI App,,,,,,,,,,
,SheetCopilot,,,,,,,,,,
,SheetGod,,,,,,,,,,
,ShortlyAI,,,,,,,,,,
,ShortVideoGen,,,,,,,,,,
,Shotstack Workflows,,,,,,,,,,
,Shy Editor,,,,,,,,,,
,Siemens Industrial Edge,,,,,,,,,,
,SiMa.ai,,,,,,,,,,
,SimilarWeb,,,,,,,,,,
,Simple ML for Sheets,,,,,,,,,,
,Simplified,,,,,,,,,,
,Simplified AI,,,,,,,,,,
,Sinequa,,,,,,,,,,
,SinglebaseCloud,,,,,,,,,,
,Sipeed MAIX,,,,,,,,,,
,Sisense,,,,,,,,,,
,Sitebulb,,,,,,,,,,
,SiteGPT,,,,,,,,,,
,SiteSpeakAI,,,,,,,,,,
,Skater,,,,,,,,,,
,Smaply,,,,,,,,,,
,SmarterQueue,,,,,,,,,,
,Smartly.io,,,,,,,,,,
,Smartsheet,,,,,,,,,,
,Smartwriter.ai,,,,,,,,,,
,Snapy AI,,,,,,,,,,
,SnatchBot,,,,,,,,,,
,Snazzy AI,,,,,,,,,,
,Snowflake AI,,,,,,,,,,
,SocialBee,,,,,,,,,,
,SocialOomph,,,,,,,,,,
,SocialPilot,,,,,,,,,,
,Socialsonic,,,,,,,,,,
,Sonnet,,,,,,,,,,
,Sonnet 3.5,,,,,,,,,,
,Sora by OpenAI,,,,,,,,,,
,Sorcero,,,,,,,,,,
,Soundful,,,,,,,,,,
,Soundraw,,,,,,,,,,
,Sourcegraph Cody,,,,,,,,,,
,Sourcely,,,,,,,,,,
,SparkBeyond,,,,,,,,,,
,SparkCognition Darwin,,,,,,,,,,
,SparkCognition DeepNLP,,,,,,,,,,
,Spell,,,,,,,,,,
,Spellbook,,,,,,,,,,
,Splash Pro,,,,,,,,,,
,Spreadsheet AI,,,,,,,,,,
,Sprinklr,,,,,,,,,,
,Sprout Social,,,,,,,,,,
,SpyFu,,,,,,,,,,
,Squarespace,,,,,,,,,,
,Squoosh,,,,,,,,,,
,Stability AI,,,,,,,,,,
,Stable Beluga,,,,,,,,,,
,Stable Beluga 2,,,,,,,,,,
,Stable Diffusion,,,,,,,,,,
,Stable Horde,,,,,,,,,,
,Stableboost,,,,,,,,,,
,StableCode-3B,,,,,,,,,,
,StableLM-v2-1.6|12B,,,,,,,,,,
,StarCoder-1|3|7B,,,,,,,,,,
,StarCoder2-3|7|15B,,,,,,,,,,
,Statista,,,,,,,,,,
,Stenography,,,,,,,,,,
,Stepsize,,,,,,,,,,
,StockPhotoAI.net,,,,,,,,,,
,Streak,,,,,,,,,,
,Stripo,,,,,,,,,,
,Sudowrite,,,,,,,,,,
,Supermetrics,,,,,,,,,,
,Surfer AI,,,,,,,,,,
,Surfer SEO,,,,,,,,,,
,SurferSEO,,,,,,,,,,
,SurveyMonkey,,,,,,,,,,
,SVGStud.io,,,,,,,,,,
,SwaggerHub,,,,,,,,,,
,SWI-Prolog,,,,,,,,,,
,Sybill,,,,,,,,,,
,Synerise Edge AI,,,,,,,,,,
,Synthesia,,,,,,,,,,
,Synthesys,,,,,,,,,,
,Syntiant,,,,,,,,,,
,Synup,,,,,,,,,,
,Tableau,,,,,,,,,,
,Tabnine,,,,,,,,,,
,Taboola,,,,,,,,,,
,Tactiq,,,,,,,,,,
,TailorTask,,,,,,,,,,
,Talkwalker,,,,,,,,,,
,Tallyfy,,,,,,,,,,
,Tapfiliate,,,,,,,,,,
,Taplio,,,,,,,,,,
,Tara AI,,,,,,,,,,
,Taranify,,,,,,,,,,
,Taskade,,,,,,,,,,
,Teamwork,,,,,,,,,,
,Telborg,,,,,,,,,,
,Teleprompter,,,,,,,,,,
,Tencent Cloud AI,,,,,,,,,,
,Teneo (Artificial Solutions),,,,,,,,,,
,TensorFlow,,,,,,,,,,
,Tenstorrent,,,,,,,,,,
,Tesla Dojo,,,,,,,,,,
,Text Blaze,,,,,,,,,,
,TextCortex,,,,,,,,,,
,TextCortex AI,,,,,,,,,,
,Textio,,,,,,,,,,
,The Trade Desk,,,,,,,,,,
,Theano,,,,,,,,,,
,There's an AI,,,,,,,,,,
,This Image Does Not Exist,,,,,,,,,,
,ThoughtSpot,,,,,,,,,,
,TIBCO AI,,,,,,,,,,
,TIBCO Compute at the Edge,,,,,,,,,,
,TIBCO Spotfire,,,,,,,,,,
,Tidio,,,,,,,,,,
,Tiledesk,,,,,,,,,,
,TinyPNG,,,,,,,,,,
,Toluna,,,,,,,,,,
,Tome AI,,,,,,,,,,
,Topaz Labs Gigapixel AI,,,,,,,,,,
,TorToiSe,,,,,,,,,,
,Touchlead,,,,,,,,,,
,Traackr,,,,,,,,,,
,Transformers.js,,,,,,,,,,
,Tray.io,,,,,,,,,,
,TreeInterpreter,,,,,,,,,,
,Trello,,,,,,,,,,
,TripleLift,,,,,,,,,,
,TruEra,,,,,,,,,,
,Trustpilot,,,,,,,,,,
,TurboPilot,,,,,,,,,,
,Tweet Hunter,,,,,,,,,,
,Tyk API Gateway,,,,,,,,,,
,Type,,,,,,,,,,
,Typeform,,,,,,,,,,
,Ubersuggest,,,,,,,,,,
,UiPath,,,,,,,,,,
,UiPath AI Center,,,,,,,,,,
,Unbounce,,,,,,,,,,
,Upfluence,,,,,,,,,,
,V7 Labs,,,,,,,,,,
,VALL-E X,,,,,,,,,,
,VanceAI,,,,,,,,,,
,VectorArt.ai,,,,,,,,,,
,Vicuna-13B,,,,,,,,,,
,VisCPM-10B,,,,,,,,,,
,Viso Suite,,,,,,,,,,
,Vista Social,,,,,,,,,,
,VMware Pulse IoT,,,,,,,,,,
,VWO,,,,,,,,,,
,Wand.ai,,,,,,,,,,
,Weights & Biases,,,,,,,,,,
,WellSaid,,,,,,,,,,
,What-If Tool,,,,,,,,,,
,WhiteSmoke,,,,,,,,,,
,Whitespark,,,,,,,,,,
,WhoDB,,,,,,,,,,
,WhyLabs,,,,,,,,,,
,Widen,,,,,,,,,,
,Windmill,,,,,,,,,,
,Wipro HOLMES,,,,,,,,,,
,Woebot,,,,,,,,,,
,WordHero,,,,,,,,,,
,WordPress,,,,,,,,,,
,WordStream,,,,,,,,,,
,Wordtune,,,,,,,,,,
,Wordware,,,,,,,,,,
,Workato,,,,,,,,,,
,WorkOtter,,,,,,,,,,
,Wrike,,,,,,,,,,
,Writecream,,,,,,,,,,
,Writer,,,,,,,,,,
,Writerly,,,,,,,,,,
,Writesonic,,,,,,,,,,
,Writesonic AI,,,,,,,,,,
,WSO2 API Manager,,,,,,,,,,
,Xilinx AI Platform,,,,,,,,,,
,Xilinx Edge AI (AMD),,,,,,,,,,
,XMind,,,,,,,,,,
,Xtensio,,,,,,,,,,
,Yellow.ai,,,,,,,,,,
,Yesware,,,,,,,,,,
,Yext,,,,,,,,,,
,Yi,,,,,,,,,,
,Yi-34B,,,,,,,,,,
,Yi-VL-6B|34B,,,,,,,,,,
,Yoast SEO,,,,,,,,,,
,Yomu,,,,,,,,,,
,Yotpo,,,,,,,,,,
,YouWrite by You.com,,,,,,,,,,
,Zapier,,,,,,,,,,
,Zendesk,,,,,,,,,,
,Zest AI,,,,,,,,,,
,Zoho CRM,,,,,,,,,,
,Zoho Projects,,,,,,,,,,
,Zoho Sheet's Zia,,,,,,,,,,
,Zoho Social,,,,,,,,,,
,Zyro AI,,,,,,,,,,
