platform_name_primary_key,company_name_foreign_key,platform_url,platform_category,platform_sub_category,platform_description,platform_launch_date,platform_status,platform_availability,api_availability,integration_options
3scale API Management,,http://www.redhat.com/en/technologies/api-management,,,,,,,,
Accenture Applied Intelligence,,http://www.accenture.com/us-en/services/applied-intelligence-index,,,,,,,,
AccuRanker,,https://www.accuranker.com/,,,,,,,,
ActiveCampaign,,https://www.activecampaign.com/,,,,,,,,
ActivePieces,,https://www.activepieces.com/,,,,,,,,
Ada,,https://www.ada.cx,,,,,,,,
Adaptive Insights,,https://www.adaptiveinsights.com/,,,,,,,,
AdCreative.ai,,http://www.adcreative.ai,,,,,,,,
Adept,,https://www.adept.ai,,,,,,,,
AdEspresso,,https://www.adespresso.com/,,,,,,,,
ADLINK Edge,,https://www.adlinktech.com/en/edge-solutions,,,,,,,,
ADLINK Edge AI,,https://www.adlinktech.com/en/Inference_platform,,,,,,,,
ADLINK Vortex Edge,,https://www.adlinktech.com/en/vortex-edge,,,,,,,,
Adobe Analytics,,https://www.adobe.com/analytics/adobe-analytics.html,,,,,,,,
Adobe Experience Manager,,https://www.business.adobe.com/products/experience-manager/assets/digital-asset-management.html,,,,,,,,
Adobe Firefly,,http://www.adobe.com/sensei/generative-ai/firefly.html,,,,,,,,
Adobe Spark,,https://www.spark.adobe.com/,,,,,,,,
Adon AI,,https://www.adon-web.awakast.com/en/recruiter/,,,,,,,,
AdRoll,,https://www.adroll.com/,,,,,,,,
AdThrive,,https://www.adthrive.com/,,,,,,,,
Advantech WISE-PaaS,,https://www.advantech.com/industrial-automation/edge-intelligence/wise-paas,,,,,,,,
Advian Edge AI,,https://www.advian.fi/edge-ai/,,,,,,,,
AdYouLike,,https://www.adyoulike.com/,,,,,,,,
Adzooma,,https://www.adzooma.com/,,,,,,,,
Agorapulse,,https://www.agorapulse.com,,,,,,,,
Ahrefs,,https://www.ahrefs.com/,,,,,,,,
AI Dungeon,,http://www.aidungeon.io,,,,,,,,
AI Fairness 360,,https://www.aif360.mybluemix.net/,,,,,,,,
AI Kernel Explorer,,https://www.github.com/mathiscode/ai-kernel-explorer,,,,,,,,
AI Poem Generator,,https://www.aipoemgenerator.org,,,,,,,,
AI Watermark Remover,,https://www.aiwatermarkremover.io/,,,,,,,,
AI Wedding Toast,,https://www.aiweddingtoast.com,,,,,,,,
AI Writer,,http://www.ai-writer.com,,,,,,,,
AI21 Labs,,https://www.ai21.com,,,,,,,,
AI21 Labs (Jurassic),,https://www.ai21.com/,,,,,,,,
AI21 Labs Jurassic-2,,http://www.ai21.com,,,,,,,,
AI2sql,,https://www.ai2sql.io/,,,,,,,,
AICaller.io,,https://www.aicaller.io/,,,,,,,,
AICamp,,https://www.aicamp.so/,,,,,,,,
Aidbase,,https://www.aidbase.ai,,,,,,,,
AI-Flow,,https://www.ai-flow.net/,,,,,,,,
aiPDF,,https://www.aipdf.ai,,,,,,,,
Airtable,,https://www.airtable.com/,,,,,,,,
AISaver,,https://www.aisaver.io,,,,,,,,
AISEO,,http://www.aiseo.ai,,,,,,,,
Aisera,,http://www.aisera.com,,,,,,,,
Aispect,,https://www.aispect.io/,,,,,,,,
AITO AI,,https://www.aito.ai,,,,,,,,
AIVA,,http://www.aiva.ai,,,,,,,,
AI-Writer,,https://www.ai-writer.com,,,,,,,,
AIX360 (AI Explainability 360),,https://www.aix360.mybluemix.net/,,,,,,,,
Ajelix,,https://www.ajelix.com,,,,,,,,
Akana API Platform,,http://www.akana.com,,,,,,,,
Akraino Edge Stack (LF),,https://www.akraino.org,,,,,,,,
Albert AI,,https://www.albert.ai/,,,,,,,,
Aleph Alpha,,http://www.aleph-alpha.com,,,,,,,,
Algorithmia,,http://www.algorithmia.com,,,,,,,,
Alibaba Cloud AI,,http://www.alibabacloud.com/products/ai,,,,,,,,
Alibaba Explainable AI Toolkit,,https://www.github.com/alibaba/EasyTransfer/tree/master/easexplain,,,,,,,,
Alibi,,https://www.github.com/SeldonIO/alibi,,,,,,,,
Alibi (by Seldon),,https://www.docs.seldon.io/projects/alibi/en/stable/,,,,,,,,
AllenNLP,,http://www.allennlp.org,,,,,,,,
Allocadia,,https://www.allocadia.com/,,,,,,,,
Alpaca,,https://www.getalpaca.io/,,,,,,,,
AlphaCode,,http://www.deepmind.com/alphacode,,,,,,,,
Alteryx,,https://www.alteryx.com/,,,,,,,,
alwaysAI,,https://www.alwaysai.co,,,,,,,,
Amazon Advertising,,https://www.advertising.amazon.com/,,,,,,,,
Amazon Automated Reasoning,,https://www.aws.amazon.com/security/automated-reasoning/,,,,,,,,
Amazon CodeWhisperer,,https://www.aws.amazon.com/codewhisperer/,,,,,,,,
Amazon Q Developer,,https://www.aws.amazon.com/q-developer/,,,,,,,,
Amazon SageMaker,,http://www.aws.amazon.com/sagemaker,,,,,,,,
Amazon SageMaker Clarify,,https://www.aws.amazon.com/sagemaker/clarify,,,,,,,,
Amazon Web Services (AWS) AI,,http://www.aws.amazon.com/machine-learning,,,,,,,,
Amazon Web Services AI,,https://www.aws.amazon.com/machine-learning/,,,,,,,,
Anaconda,,http://www.anaconda.com,,,,,,,,
Anchor Explanations,,https://www.github.com/marcotcr/anchor,,,,,,,,
Animoto,,https://www.animoto.com/,,,,,,,,
AnkiDecks AI,,https://www.anki-decks.com,,,,,,,,
Anthropic,,https://www.anthropic.com,,,,,,,,
Anthropic Claude,,http://www.anthropic.com,,,,,,,,
Anthropic Claude 2.1,,https://www.anthropic.com/claude-2.1,,,,,,,,
Anthropic Claude 3.0,,https://www.anthropic.com/claude-3.0,,,,,,,,
Anyword,,http://www.anyword.com,,,,,,,,
Apache MXNet,,http://www.mxnet.apache.org,,,,,,,,
Apigee API Management,,http://www.cloud.google.com/apigee,,,,,,,,
APIPark,,http://www.apipark.com,,,,,,,,
Apple Neural Engine,,https://www.apple.com/iphone/features/,,,,,,,,
AppNexus,,https://www.appnexus.com/,,,,,,,,
Arago HIRO,,https://www.arago.co,,,,,,,,
Architecture Helper,,https://www.architecturehelper.com,,,,,,,,
Arcwise,,https://www.arcwise.io,,,,,,,,
Arize AI,,https://www.arize.com,,,,,,,,
Arm Holdings,,https://www.arm.com/,,,,,,,,
Arm Pelion,,https://www.arm.com/products/iot/pelion-iot-platform,,,,,,,,
Artbreeder,,https://www.artbreeder.com/,,,,,,,,
Arthur AI,,https://www.arthur.ai,,,,,,,,
Aruba EdgeConnect (HPE),,https://www.arubanetworks.com/products/sd-wan/edgeconnect,,,,,,,,
Asana,,https://www.asana.com/,,,,,,,,
AskCodi,,https://www.askcodi.com/,,,,,,,,
AskCSV,,https://www.askcsv.com,,,,,,,,
AspireIQ,,https://www.aspireiq.com/,,,,,,,,
AssemblyAI,,https://www.assemblyai.com,,,,,,,,
Audiense,,https://www.audiense.com,,,,,,,,
AutoGLM by Zhipu,,https://www.zhipu.ai/autoglm,,,,,,,,
Automate.io,,https://www.automate.io/,,,,,,,,
Automateo,,https://www.automateo.app/,,,,,,,,
Automation Anywhere,,http://www.automationanywhere.com,,,,,,,,
Automatisch,,https://www.automatisch.io/,,,,,,,,
AutoML by Google Cloud,,https://www.cloud.google.com/automl,,,,,,,,
Autopilot,,https://www.autopilothq.com/,,,,,,,,
Avatar AI,,https://www.avatarai.me/,,,,,,,,
AWeber,,https://www.aweber.com/,,,,,,,,
AWS API Gateway,,http://www.aws.amazon.com/api-gateway,,,,,,,,
AWS Edge Services,,https://www.aws.amazon.com/edge/,,,,,,,,
AWS Greengrass,,https://www.aws.amazon.com/greengrass/,,,,,,,,
AWS IoT Greengrass,,https://www.aws.amazon.com/greengrass,,,,,,,,
AWS Rekognition,,https://www.aws.amazon.com/rekognition/,,,,,,,,
Ayanza,,https://www.ayanza.com/,,,,,,,,
Ayasdi,,https://www.ayasdi.com,,,,,,,,
Ayasdi (SymphonyAI),,https://www.symphonyai.com/ayasdi,,,,,,,,
Aylien,,https://www.aylien.com,,,,,,,,
Azion Edge AI,,https://www.azion.com/en/edge-ai,,,,,,,,
Azure API Management,,http://www.azure.microsoft.com/services/api-management,,,,,,,,
Azure IoT Edge,,https://www.azure.microsoft.com/en-us/services/iot-edge/,,,,,,,,
Azure Machine Learning,,http://www.azure.microsoft.com,,,,,,,,
Azure OpenAI Service,,http://www.azure.microsoft.com/en-us/services/cognitive-services/openai-service/,,,,,,,,
Azure SQL Edge,,https://www.azure.microsoft.com/en-us/products/azure-sql-edge/,,,,,,,,
Babylon Health,,https://www.babylonhealth.com,,,,,,,,
Baichuan-7|13B,,https://www.huggingface.co/baichuan-inc,,,,,,,,
Baidu AI,,http://www.ai.baidu.com,,,,,,,,
balena,,https://www.balena.io/,,,,,,,,
Bard by Google,,http://www.bard.google.com,,,,,,,,
Bark,,https://www.github.com/suno-ai/bark,,,,,,,,
Basecamp,,https://www.basecamp.com,,,,,,,,
Based AI,,https://www.basedlabs.ai/,,,,,,,,
BayesiaLab,,https://www.bayesialab.com,,,,,,,,
BCMS,,https://www.thebcms.com/,,,,,,,,
Bearly AI,,http://www.bearly.ai,,,,,,,,
Beatoven.ai,,https://www.beatoven.ai,,,,,,,,
BeeFree,,https://www.beefree.io/,,,,,,,,
BigML,,https://www.bigml.com/,,,,,,,,
Bing Ads,,https://www.ads.microsoft.com/,,,,,,,,
Black Headshots,,https://www.blackheadshots.com,,,,,,,,
Blaize,,https://www.blaize.com,,,,,,,,
Blaize AI,,https://www.blaize.com/,,,,,,,,
BlenderBot,,http://www.blenderbot.ai,,,,,,,,
Bloom,,https://www.huggingface.co/docs/transformers/model_doc/bloom,,,,,,,,
BLOOMZ&mT0,,https://www.huggingface.co/bigscience/bloomz,,,,,,,,
Blue Prism,,http://www.blueprism.com,,,,,,,,
Boomerang for Gmail,,https://www.boomeranggmail.com/,,,,,,,,
Boomi API Management,,http://www.boomi.com/platform/api-management,,,,,,,,
Boomy,,https://www.boomy.com,,,,,,,,
Bosch IoT Edge,,https://www.bosch-iot-suite.com/iot-edge,,,,,,,,
Botpress,,http://www.botpress.com,,,,,,,,
BrainChip Akida,,https://www.brainchip.com,,,,,,,,
Brand24,,https://www.brand24.com/,,,,,,,,
Brandfolder,,https://www.brandfolder.com/,,,,,,,,
BrandMaker,,https://www.brandmaker.com/,,,,,,,,
Brandmark,,https://www.brandmark.io/,,,,,,,,
Brandwatch,,https://www.brandwatch.com/,,,,,,,,
BrightLocal,,https://www.brightlocal.com/,,,,,,,,
Buffer,,https://www.buffer.com/,,,,,,,,
Buffer’s AI Assistant,,http://www.buffer.com,,,,,,,,
BuzzStream,,https://www.buzzstream.com/,,,,,,,,
BuzzSumo,,https://www.buzzsumo.com/,,,,,,,,
Bynder,,https://www.bynder.com/,,,,,,,,
ByteDance Doubao-1.5-pro,,https://www.bytedance.com/doubao-1.5-pro,,,,,,,,
C3 AI,,http://www.c3.ai,,,,,,,,
C3.ai,,https://www.c3.ai/,,,,,,,,
Caffe,,http://www.caffe.berkeleyvision.org,,,,,,,,
Caffe2,,http://www.caffe2.ai,,,,,,,,
Cald.ai,,https://www.cald.ai,,,,,,,,
Cambricon,,http://www.cambricon.com/en/,,,,,,,,
Campaign Monitor,,https://www.campaignmonitor.com/,,,,,,,,
Canto,,https://www.canto.com/,,,,,,,,
Canva,,https://www.canva.com/,,,,,,,,
Captum,,https://www.captum.ai/,,,,,,,,
Captum (Meta),,https://www.github.com/pytorch/captum,,,,,,,,
Catalytic,,https://www.catalytic.com,,,,,,,,
CausaLens,,https://www.causalens.com,,,,,,,,
Celoxis,,https://www.celoxis.com,,,,,,,,
Cerebras,,http://www.cerebras.net,,,,,,,,
Cerebras AI,,https://www.cerebras.net,,,,,,,,
Cerebras CS-3,,https://www.cerebras.net/,,,,,,,,
Chai,,http://www.chai.ml,,,,,,,,
Chainer,,http://www.chainer.org,,,,,,,,
Chamaileon,,https://www.chamaileon.io/,,,,,,,,
Character.ai,,http://www.character.ai,,,,,,,,
Chatbot.com,,http://www.chatbot.com,,,,,,,,
Chatfuel,,https://www.chatfuel.com/,,,,,,,,
ChatGPT,,http://www.openai.com/chatgpt,,,,,,,,
ChatGPT by OpenAI,,https://www.chat.openai.com/,,,,,,,,
ChatGPT for Excel,,https://www.appsource.microsoft.com/en-ie/product/office/WA200005271,,,,,,,,
ChatGPT for Google,,https://www.chatgpt-for-google.com/,,,,,,,,
ChatPDF,,https://www.chatpdf.com/,,,,,,,,
ChatSonic,,http://www.writesonic.com/chat,,,,,,,,
ChatWithCloud,,https://www.chatwithcloud.ai/,,,,,,,,
Cisco IOx,,https://www.cisco.com/c/en/us/products/cloud-systems-management/iox/index.html,,,,,,,,
Civitai,,https://www.civitai.com/,,,,,,,,
CJ Affiliate,,https://www.cj.com/,,,,,,,,
Clara Labs,,https://www.claralabs.com,,,,,,,,
Clarifai,,https://www.clarifai.com/,,,,,,,,
Claritas,,https://www.claritas.com/,,,,,,,,
Claude (Anthropic),,https://www.anthropic.com/claude,,,,,,,,
Claude 3,,https://www.claude.ai/,,,,,,,,
Claude AI,,http://www.claude.ai,,,,,,,,
Clearbit,,https://www.clearbit.com/,,,,,,,,
ClearBlade Edge,,https://www.clearblade.com,,,,,,,,
Clearscope,,https://www.clearscope.io/,,,,,,,,
Cleverbot,,http://www.cleverbot.com,,,,,,,,
Clickable,,https://www.clickable.so/,,,,,,,,
ClickUp,,https://www.clickup.com/,,,,,,,,
ClipDrop,,https://www.clipdrop.co/,,,,,,,,
Clipwing,,https://www.clipwing.pro/,,,,,,,,
Clockwise,,https://www.getclockwise.com/,,,,,,,,
ClosersCopy,,http://www.closerscopy.com,,,,,,,,
Cloudera (MLOps Suite),,https://www.cloudera.com/products/data-platform.html,,,,,,,,
Cloverpop,,https://www.cloverpop.com,,,,,,,,
CNTK,,http://www.microsoft.com/en-us/cognitive-toolkit,,,,,,,,
co:here,,https://www.cohere.ai/,,,,,,,,
Code to Flow,,https://www.codetoflow.com,,,,,,,,
CodeComplete,,https://www.codecomplete.ai/,,,,,,,,
CodeGeeX,,https://www.github.com/THUDM/CodeGeeX,,,,,,,,
CodeGPT,,https://www.codegpt.co/,,,,,,,,
Codeium,,https://www.codeium.com/,,,,,,,,
CodeQwen-7B,,https://www.huggingface.co/Qwen/CodeQwen1.5-7B,,,,,,,,
CodeRabbit,,https://www.coderabbit.ai/,,,,,,,,
CodeT5,,https://www.github.com/salesforce/CodeT5,,,,,,,,
Codiga,,https://www.codiga.io/,,,,,,,,
CodiumAI,,https://www.codium.ai/,,,,,,,,
Coefficient,,https://www.coefficient.io,,,,,,,,
Cogito (Extra Horizon),,https://www.extrahorizon.com/cogito,,,,,,,,
Cogram,,https://www.cogram.com/,,,,,,,,
CogVLM2-19B,,https://www.huggingface.co/collections/THUDM/cogvlm2-6645f36a29948b67dc4eef75,,,,,,,,
Cohere,,http://www.cohere.ai,,,,,,,,
Colossyan,,https://www.colossyan.com,,,,,,,,
Command R-35B,,https://www.huggingface.co/CohereForAI/c4ai-command-r-v01,,,,,,,,
Compass,,https://www.getwhys.io/compass,,,,,,,,
Compose AI,,https://www.compose.ai/,,,,,,,,
Confluence,,https://www.atlassian.com/software/confluence,,,,,,,,
Consensus,,https://www.consensus.app/search/,,,,,,,,
Constant Contact,,https://www.constantcontact.com/,,,,,,,,
Contenda,,https://www.contenda.co/,,,,,,,,
ContentBot,,http://www.contentbot.ai,,,,,,,,
ContentStudio,,https://www.contentstudio.io,,,,,,,,
Context Data,,https://www.contextdata.ai/,,,,,,,,
Continue,,https://www.continue.dev/,,,,,,,,
ConvertKit,,https://www.convertkit.com/,,,,,,,,
Copilot by Microsoft,,http://www.microsoft.com,,,,,,,,
Copy.ai,,https://www.copy.ai/,,,,,,,,
CopyDash,,http://www.copydash.ai,,,,,,,,
Copyleaks,,http://www.copyleaks.com,,,,,,,,
CopyMonkey,,http://www.copymonkey.ai,,,,,,,,
CopySmith,,http://www.copysmith.ai,,,,,,,,
Coqui,,https://www.coqui.ai/,,,,,,,,
CoSchedule,,https://www.coschedule.com/,,,,,,,,
Counterfactual Explanations,,https://www.github.com/amirhk/mace,,,,,,,,
Cplex (IBM ILOG),,https://www.ibm.com/products/ilog-cplex-optimization-studio,,,,,,,,
CPM-Bee-1|2|5|10B,,https://www.huggingface.co/collections/openbmb/cpm-bee-65d491cc84fc93350d789361,,,,,,,,
Craiyon,,https://www.craiyon.com/,,,,,,,,
Crayon,,https://www.crayon.co/,,,,,,,,
Crazy Egg,,https://www.crazyegg.com/,,,,,,,,
Creately,,https://www.creately.com/,,,,,,,,
Credo AI,,https://www.credo.ai,,,,,,,,
Crimson Hexagon,,https://www.crimsonhexagon.com/,,,,,,,,
Criteo,,https://www.criteo.com/,,,,,,,,
Crowdfire,,https://www.crowdfireapp.com,,,,,,,,
Curata,,https://www.curata.com/,,,,,,,,
Cursor,,https://www.cursor.com/,,,,,,,,
CustomPod.io,,https://www.custompod.io,,,,,,,,
Cyc (Cycorp),,https://www.cyc.com,,,,,,,,
DALEX,,https://www.github.com/ModelOriented/DALEX,,,,,,,,
DALL·E,,https://www.openai.com/dall-e/,,,,,,,,
DALL·E 2,,https://www.openai.com/dall-e-2/,,,,,,,,
DALL-E 3,,http://www.openai.com/dall-e-3,,,,,,,,
DALL-E 3 by OpenAI,,https://www.openai.com/dall-e-3,,,,,,,,
Dart,,https://www.itsdart.com/,,,,,,,,
DarwinAI,,https://www.darwinai.com,,,,,,,,
Databricks,,http://www.databricks.com,,,,,,,,
Databricks Mosaic,,https://www.databricks.com/product/mosaic,,,,,,,,
Databricks Unified Data Analytics Platform,,https://www.databricks.com/,,,,,,,,
Dataiku,,http://www.dataiku.com,,,,,,,,
DataRobot,,http://www.datarobot.com,,,,,,,,
Datatron,,https://www.datatron.com,,,,,,,,
Dear AI,,https://www.dearai.online,,,,,,,,
Debuild,,https://www.debuild.app/,,,,,,,,
Deep Research by OpenAI,,https://www.openai.com/deep-research,,,,,,,,
DeepArt,,https://www.deepart.io/,,,,,,,,
DeepBrain AI,,http://www.deepbrain.io,,,,,,,,
DeepCode AI,,https://www.deepcode.ai/,,,,,,,,
DeepCrawl,,https://www.deepcrawl.com/,,,,,,,,
DeepDetect,,http://www.deepdetect.com,,,,,,,,
DeepExpert (SparkCognition),,https://www.sparkcognition.com/deepexpert,,,,,,,,
DeepL,,https://www.deepl.com,,,,,,,,
DeepL Translator,,https://www.deepl.com/translator,,,,,,,,
DeepL Write,,http://www.deepl.com/write,,,,,,,,
DeepLIFT,,https://www.github.com/kundajelab/deeplift,,,,,,,,
DeepMind,,http://www.deepmind.com,,,,,,,,
DeepMind AlphaFold,,https://www.deepmind.com/alphafold,,,,,,,,
DeepMind AlphaGo,,https://www.deepmind.com/alphago,,,,,,,,
DeepPavlov,,http://www.deeppavlov.ai,,,,,,,,
DeepSeek,,http://www.deepseek.ai,,,,,,,,
DeepSeek Flash-Lite,,https://www.deepseek.ai/flash-lite,,,,,,,,
DeepSeek R1,,https://www.deepseek.ai/r1,,,,,,,,
DeepSeek-Coder-1.3|6.7|7|33B,,https://www.huggingface.co/collections/deepseek-ai/deepseek-coder-65f295d7d8a0a29fe39b4ec4,,,,,,,,
DeepSeek-Math-7B,,https://www.huggingface.co/collections/deepseek-ai/deepseek-math-65f2962739da11599e441681,,,,,,,,
DeepSeek-MoE-16B,,https://www.huggingface.co/collections/deepseek-ai/deepseek-moe-65f29679f5cf26fe063686bf,,,,,,,,
DeepSeek-R1,,https://www.deepseek.ai/,,,,,,,,
DeepSeek-R2,,https://www.deepseek.ai/r2,,,,,,,,
DeepSeek-VL-1.3|7B,,https://www.huggingface.co/collections/deepseek-ai/deepseek-vl-65f295948133d9cf92b706d3,,,,,,,,
Dell Edge Gateway,,https://www.dell.com/en-us/work/learn/edge-gateway,,,,,,,,
Descript,,http://www.descript.com,,,,,,,,
Devin AI,,https://www.cognition.ai/devin,,,,,,,,
Diagram,,https://www.diagram.com/,,,,,,,,
DiCE (Diverse Counterfactual Explanation),,https://www.github.com/interpretml/DiCE,,,,,,,,
D-ID,,https://www.d-id.com/,,,,,,,,
Diffbot,,https://www.diffbot.com,,,,,,,,
DiffusionDB,,https://www.diffusiondb.com/,,,,,,,,
Dittto.ai,,https://www.dittto.ai,,,,,,,,
DL4J,,http://www.deeplearning4j.org,,,,,,,,
Dlvr.it,,https://www.dlvrit.com,,,,,,,,
Dola AI,,http://www.dola.ai,,,,,,,,
Domino Data Lab,,https://www.dominodatalab.com,,,,,,,,
Domo,,https://www.domo.com/,,,,,,,,
Domoic.ai,,https://www.domoic.ai/,,,,,,,,
Doubao-1.5-pro by ByteDance,,https://www.bytedance.com/doubao,,,,,,,,
DragApp,,https://www.dragapp.com/,,,,,,,,
DragGAN,,https://www.github.com/XingangPan/DragGAN,,,,,,,,
DreamFactory,,http://www.dreamfactory.com,,,,,,,,
DreamStudio,,https://www.beta.dreamstudio.ai/,,,,,,,,
Drift,,https://www.drift.com/,,,,,,,,
Drip,,https://www.drip.com/,,,,,,,,
Drools (JBoss),,https://www.drools.org,,,,,,,,
Drupal,,https://www.drupal.org/,,,,,,,,
Duet AI for Developers,,http://www.cloud.google.com/duet-ai,,,,,,,,
Dynamic Yield,,https://www.dynamicyield.com/,,,,,,,,
Easy Redmine,,https://www.easyredmine.com/,,,,,,,,
eClincher,,https://www.eclincher.com,,,,,,,,
Eclipse,,https://www.eclipse.org/,,,,,,,,
Eclipse Kura,,https://www.eclipse.org/kura,,,,,,,,
Ecrett Music,,https://www.ecrettmusic.com,,,,,,,,
Edge Impulse,,https://www.edgeimpulse.com/,,,,,,,,
EdgeX Foundry,,https://www.edgexfoundry.org,,,,,,,,
Elai.io,,http://www.elai.io,,,,,,,,
eldon,,https://www.seldon.io/,,,,,,,,
Elephas,,https://www.elephas.app/,,,,,,,,
Eleven Labs,,https://www.beta.elevenlabs.io/,,,,,,,,
ELI5,,https://www.eli5.readthedocs.io/,,,,,,,,
Elicit,,https://www.elicit.org,,,,,,,,
ELIZA,,http://www.masswerk.at/elizabot,,,,,,,,
EmailTriager,,https://www.emailtriager.com/,,,,,,,,
Emilio,,https://www.getemil.io,,,,,,,,
EnCharge AI,,https://www.encharge.ai/,,,,,,,,
Eta Compute ECM3532,,https://www.etacompute.com/products/ecm3532/,,,,,,,,
Exam Samurai,,https://www.examsamur.ai/,,,,,,,,
Excel AI Formula Generator,,https://www.excelformulagenius.com,,,,,,,,
Excelformulabot,,https://www.excelformulabot.com,,,,,,,,
ExcelFormulaGenius,,https://www.excelformulagenius.com/,,,,,,,,
Expert.ai Platform,,https://www.expert.ai,,,,,,,,
ExplainerDashboard,,https://www.github.com/oegedijk/explainerdashboard,,,,,,,,
Explainpaper,,https://www.explainpaper.com/,,,,,,,,
ExplainX.ai,,https://www.explainx.ai,,,,,,,,
Exsys CORVID,,http://www.exsys.com,,,,,,,,
ezJobs,,https://www.getezjobs.com/,,,,,,,,
Facebook Ads Manager,,https://www.facebook.com/business/tools/ads-manager,,,,,,,,
Facebook Ads Retargeting,,https://www.facebook.com/business/learn/facebook-ads-retargeting,,,,,,,,
Facets,,https://www.pair-code.github.io/facets/,,,,,,,,
FairML,,https://www.github.com/adebayoj/fairml,,,,,,,,
Fairness Indicators,,https://www.github.com/tensorflow/fairness-indicators,,,,,,,,
Fairseq,,http://www.fairseq.readthedocs.io,,,,,,,,
FairyTailAI,,https://www.fairytailai.com/,,,,,,,,
FARSITE,,https://www.far.site/,,,,,,,,
Fast.ai,,http://www.fast.ai,,,,,,,,
Fathom,,https://www.fathom.video/,,,,,,,,
FauxPilot,,https://www.github.com/fauxpilot/fauxpilot,,,,,,,,
FeedHive,,https://www.feedhive.io,,,,,,,,
Feedly,,https://www.feedly.com/,,,,,,,,
FICO Explainable AI,,https://www.fico.com/en/products/fico-analytics-workbench,,,,,,,,
Fiddler,,https://www.fiddler.ai,,,,,,,,
Figstack,,https://www.figstack.com/,,,,,,,,
FinChat,,https://www.finchat.io/,,,,,,,,
Fireflies.ai,,https://www.fireflies.ai/,,,,,,,,
Flick,,https://www.flick.tech,,,,,,,,
Float,,https://www.float.com/,,,,,,,,
Flow XO,,http://www.flowxo.com,,,,,,,,
Flowrite,,http://www.flowrite.com,,,,,,,,
Flowshot.ai,,https://www.flowshot.ai,,,,,,,,
FogHorn,,https://www.foghorn.io,,,,,,,,
Forecast,,https://www.forecast.app,,,,,,,,
Forefront AI,,https://www.forefront.ai/,,,,,,,,
Forethought,,https://www.forethought.ai,,,,,,,,
FormulaBoost,,https://www.formulaboost.com,,,,,,,,
Frase,,http://www.frase.io,,,,,,,,
Freedman AI,,https://www.freedman.ai,,,,,,,,
Freshdesk,,https://www.freshdesk.com/,,,,,,,,
Friends+Me,,https://www.friendsplus.me,,,,,,,,
Fusio,,http://www.fusio-project.org,,,,,,,,
Galactica,,https://www.galactica.org/,,,,,,,,
Gamma,,https://www.gamma.app/,,,,,,,,
GanttPRO,,https://www.ganttpro.com,,,,,,,,
GauGAN2,,http://gaugan.org/gaugan2/,,,,,,,,
GCP AutoML,,http://www.cloud.google.com/automl,,,,,,,,
Gemini,,https://www.gemini.google.com,,,,,,,,
Genei,,https://www.genei.io,,,,,,,,
Generative Design by Autodesk,,http://www.autodesk.com/solutions/generative-design,,,,,,,,
Genesys,,https://www.genesys.com,,,,,,,,
Genesys DX (Bold360),,https://www.genesys.com/digital/genesys-dx,,,,,,,,
Gensbot,,https://www.gensbot.com,,,,,,,,
GenShare,,https://www.genshare.io/,,,,,,,,
Gensim,,http://www.radimrehurek.com/gensim,,,,,,,,
GetResponse,,https://www.getresponse.com/,,,,,,,,
Ghostwriter,,https://www.blog.replit.com/ai,,,,,,,,
Gist AI,,https://www.gistai.tech,,,,,,,,
GitHub Copilot,,http://www.github.com/features/copilot,,,,,,,,
GitLab Code Suggestions,,https://www.about.gitlab.com/features/ai/code-suggestions/,,,,,,,,
Gliffy,,https://www.gliffy.com/,,,,,,,,
GLM-2|6|10|13|70B,,https://www.huggingface.co/THUDM,,,,,,,,
GlockApps,,https://www.glockapps.com/,,,,,,,,
Gluon,,http://www.gluon.ai,,,,,,,,
Google Ads,,https://www.ads.google.com/,,,,,,,,
Google Ads Remarketing,,https://www.ads.google.com/home/campaigns/remarketing/,,,,,,,,
Google AI Studio,,https://www.aistudio.google.com/,,,,,,,,
Google Analytics,,https://www.analytics.google.com/,,,,,,,,
Google Analytics for Email,,https://www.ga-dev-tools.web.app/ga4/campaign-url-builder/,,,,,,,,
Google Bard,,https://www.bard.google.com,,,,,,,,
Google Cloud AI,,http://www.cloud.google.com/ai,,,,,,,,
Google Cloud AI APIs,,https://www.cloud.google.com/ai/apis,,,,,,,,
Google Cloud Explainable AI,,https://www.cloud.google.com/explainable-ai,,,,,,,,
Google Cloud IoT Edge,,https://www.cloud.google.com/edge,,,,,,,,
Google Cloud Vision API,,https://www.cloud.google.com/vision,,,,,,,,
Google Coral,,https://www.coral.ai/,,,,,,,,
Google Data Studio,,https://www.datastudio.google.com/,,,,,,,,
Google Display Network,,https://www.ads.google.com/home/campaigns/display-ads/,,,,,,,,
Google Gemini,,http://www.ai.google,,,,,,,,
Google Gemini 2.0,,https://www.ai.google/gemini,,,,,,,,
Google Gemini 2.0 Flash Thinking,,https://www.ai.google/gemini/flash-thinking,,,,,,,,
Google Gemini 2.0 Pro,,https://www.ai.google/discover/gemini,,,,,,,,
Google Marketing Platform,,https://www.marketingplatform.google.com/,,,,,,,,
Google Optimize,,https://www.optimize.google.com/,,,,,,,,
Google PageSpeed Insights,,https://www.developers.google.com/speed/pagespeed/insights/,,,,,,,,
Google Search Console,,https://www.search.google.com/search-console,,,,,,,,
Google Sheets Explore,,https://www.google.com/sheets/about/,,,,,,,,
Google Surveys,,https://www.surveys.google.com/,,,,,,,,
Google Vertex AI,,http://www.cloud.google.com/vertex-ai,,,,,,,,
Gopher,,https://www.deepmind.com/blog/language-modelling-at-scale-gopher-ethical-considerations-and-retrieval,,,,,,,,
GOSH,,https://www.gosh.app,,,,,,,,
GPT for Sheets™ and Docs™,,https://www.workspace.google.com/marketplace/app/gpt_for_sheets_and_docs/677318054654,,,,,,,,
GPT for Work,,https://www.gptforwork.com,,,,,,,,
GPT plus Google Docs™,,https://www.workspace.google.com/marketplace/app/gpt_plus_google_docs_chatgpt/669226853089,,,,,,,,
GPT Workspace,,https://www.gpt.space/,,,,,,,,
GPT-4 (OpenAI),,https://www.openai.com,,,,,,,,
gpt4all,,https://www.github.com/nomic-ai/gpt4all,,,,,,,,
GPT-4o Mini,,https://www.altern.ai/ai/gpt-4o-mini,,,,,,,,
GPT-Code UI,,https://www.github.com/ricklamers/gpt-code-ui,,,,,,,,
GPTExcel,,https://www.gptexcel.com,,,,,,,,
GPTHelp.ai,,https://www.gpthelp.ai/,,,,,,,,
Grad-CAM,,https://www.github.com/ramprs/grad-cam,,,,,,,,
GradGPT,,https://www.gradgpt.com/,,,,,,,,
Grammarly,,https://www.grammarly.com/,,,,,,,,
Graphcore,,http://www.graphcore.ai,,,,,,,,
Gravio Edge IoT Platform,,https://www.gravio.com/,,,,,,,,
Gravitee.io,,http://www.gravitee.io,,,,,,,,
GreenWaves GAP8,,https://www.greenwaves-technologies.com/gap8-product/,,,,,,,,
Grin,,https://www.grin.co/,,,,,,,,
GrowthBar,,http://www.growthbarseo.com,,,,,,,,
GTmetrix,,https://www.gtmetrix.com/,,,,,,,,
GummySearch,,https://www.gummysearch.com/,,,,,,,,
Gyrfalcon Lightspeeur,,https://www.gyrfalcontech.ai/,,,,,,,,
H2O AI Cloud,,http://www.h2o.ai,,,,,,,,
H2O.ai,,https://www.h2o.ai/,,,,,,,,
H2O.ai Driverless AI,,https://www.h2o.ai/products/h2o-driverless-ai,,,,,,,,
Hailo AI Processor,,https://www.hailo.ai/,,,,,,,,
Hailo-8 AI Processor,,https://www.hailo.ai/hailo-8/,,,,,,,,
Harbor,,https://www.github.com/av/harbor,,,,,,,,
Harmonai,,https://www.harmonai.org/,,,,,,,,
Have I Been Trained?,,https://www.haveibeentrained.com/,,,,,,,,
Haystack,,https://www.haystack.deepset.ai/,,,,,,,,
Headlime,,http://www.headlime.com,,,,,,,,
Helicone,,http://www.helicone.ai,,,,,,,,
Help Scout,,https://www.helpscout.com/,,,,,,,,
Hemingway,,http://www.hemingwayapp.com/,,,,,,,,
Hexabot,,https://www.hexabot.ai,,,,,,,,
Heybounce,,https://www.heybounce.io/,,,,,,,,
Hivecell,,https://www.hivecell.com,,,,,,,,
Hiver,,https://www.hiverhq.com/,,,,,,,,
Hootsuite,,https://www.hootsuite.com/,,,,,,,,
Hotjar,,https://www.hotjar.com/,,,,,,,,
Hour One,,https://www.hourone.ai/,,,,,,,,
HPE Edgeline,,https://www.hpe.com/us/en/servers/edgeline.html,,,,,,,,
Huawei Ascend,,https://www.e.huawei.com/en/products/cloud-computing-dc/atlas/ascend,,,,,,,,
Huawei Atlas,,https://www.e.huawei.com/en/products/cloud-computing-dc/atlas,,,,,,,,
HubSpot,,https://www.hubspot.com,,,,,,,,
HubSpot AI,,https://www.hubspot.com/,,,,,,,,
HubSpot CMS,,https://www.hubspot.com/products/cms,,,,,,,,
HubSpot Content Assistant,,http://www.hubspot.com,,,,,,,,
HubSpot CRM,,https://www.hubspot.com/products/crm,,,,,,,,
HubSpot Forecasting Tool,,https://www.hubspot.com/sales-forecast-template,,,,,,,,
HubSpot Persona Builder,,https://www.hubspot.com/make-my-persona,,,,,,,,
Hugging Face,,http://www.huggingface.co,,,,,,,,
Hugging Face Inference API,,https://www.huggingface.co/inference-api,,,,,,,,
Hugging Face Transformers,,https://www.huggingface.co/transformers/,,,,,,,,
Huginn,,https://www.github.com/huginn/huginn,,,,,,,,
Human Generator,,https://www.generated.photos/human-generator,,,,,,,,
Hunter.io,,https://www.hunter.io/,,,,,,,,
Hunyuan by Tencent,,https://www.tencent.com/hunyuan,,,,,,,,
HyperWrite,,http://www.hyperwriteai.com,,,,,,,,
Hypotenuse AI,,http://www.hypotenuse.ai,,,,,,,,
IBISWorld,,https://www.ibisworld.com/,,,,,,,,
IBM API Connect,,http://www.ibm.com/cloud/api-connect,,,,,,,,
IBM Cloud Pak for Data,,https://www.ibm.com/products/cloud-pak-for-data,,,,,,,,
IBM Edge Application Manager,,https://www.ibm.com/cloud/edge-application-manager,,,,,,,,
IBM Project Debater,,https://www.research.ibm.com/artificial-intelligence/project-debater/,,,,,,,,
IBM Watson,,https://www.ibm.com/watson,,,,,,,,
IBM Watson Discovery,,https://www.ibm.com/cloud/watson-discovery,,,,,,,,
IBM Watson Knowledge Studio,,https://www.ibm.com/cloud/watson-knowledge-studio,,,,,,,,
IBM Watson OpenScale,,https://www.ibm.com/cloud/watson-openscale,,,,,,,,
IBM Watson Studio,,http://www.ibm.com/cloud/watson-studio,,,,,,,,
IBM Watsonx,,http://www.ibm.com/watsonx,,,,,,,,
iColoring,,https://www.icoloring.ai,,,,,,,,
IFTTT,,https://www.ifttt.com/,,,,,,,,
Imagen,,https://www.imagen.research.google/,,,,,,,,
Inbenta,,https://www.inbenta.com,,,,,,,,
Infermedica,,https://www.infermedica.com,,,,,,,,
Inflection AI,,https://www.inflection.ai,,,,,,,,
Inflection AI (Pi),,https://www.heypi.com/,,,,,,,,
Infosys Nia,,http://www.infosys.com/nia,,,,,,,,
Infusionsoft,,https://www.keap.com/infusionsoft,,,,,,,,
INK Editor,,http://www.inkforall.com,,,,,,,,
INK for All,,https://www.inkforall.com/,,,,,,,,
INK for SEO,,https://www.inkforall.com/seo,,,,,,,,
Inline Help,,https://www.inlinehelp.com,,,,,,,,
iNNvestigate,,https://www.github.com/albermax/innvestigate,,,,,,,,
Integromat,,https://www.integromat.com/,,,,,,,,
Intel Neural Compute Stick,,https://www.software.intel.com/content/www/us/en/develop/hardware/neural-compute-stick.html,,,,,,,,
Intel OpenVINO,,https://www.intel.com/content/www/us/en/developer/tools/openvino-toolkit/overview.html,,,,,,,,
IntelliJ IDEA,,https://www.jetbrains.com/idea/,,,,,,,,
Intercom,,https://www.intercom.com/,,,,,,,,
InternLM2-1.8|7|20B,,https://www.huggingface.co/collections/internlm/internlm2-65b0ce04970888799707893c,,,,,,,,
InternLM-Math-7B|20B,,https://www.huggingface.co/collections/internlm/internlm2-math-65b0ce88bf7d3327d0a5ad9f,,,,,,,,
InternLM-XComposer2-1.8|7B,,https://www.huggingface.co/collections/internlm/internlm-xcomposer2-65b3706bf5d76208998e7477,,,,,,,,
InternVL-2|6|14|26,,https://www.huggingface.co/collections/OpenGVLab/internvl-65b92d6be81c86166ca0dde4,,,,,,,,
InterpretML,,https://www.interpret.ml/,,,,,,,,
Interview Solver,,https://www.interviewsolver.com,,,,,,,,
Interviews Chat,,https://www.interviews.chat/,,,,,,,,
Iris.ai,,https://www.iris.ai,,,,,,,,
Jarvis (Conversion AI),,http://www.jasper.ai,,,,,,,,
Jasper,,https://www.jasper.ai,,,,,,,,
Jasper AI,,https://www.jasper.ai/,,,,,,,,
Jedi,,https://www.jedi.readthedocs.io/,,,,,,,,
Jenni,,https://www.jenni.ai/,,,,,,,,
Jenni AI,,http://www.jenni.ai,,,,,,,,
JetBrains AI,,https://www.jetbrains.com/ai/,,,,,,,,
JioBrain,,https://www.jiobrain.com,,,,,,,,
Jira,,https://www.atlassian.com/software/jira,,,,,,,,
Joomla,,https://www.joomla.org/,,,,,,,,
Julius AI,,http://www.julius.ai/ai-chatbot,,,,,,,,
Kafkai,,https://www.kafkai.com/,,,,,,,,
Kahoot AI,,https://www.kahoot.com,,,,,,,,
Kazimir.ai,,https://www.kazimir.ai/,,,,,,,,
Kendryte K210,,https://www.canaan.io/product/kendryteai,,,,,,,,
Kensho,,http://www.kensho.com,,,,,,,,
Keploy,,https://www.keploy.io/,,,,,,,,
Keras,,http://www.keras.io,,,,,,,,
KeywordTool.io,,https://www.keywordtool.io/,,,,,,,,
Kimi k1.5 by Moonshot AI,,https://www.moonshot.ai/kimi,,,,,,,,
Kite,,http://www.kite.com,,,,,,,,
Klaviyo,,https://www.klaviyo.com/,,,,,,,,
Klipfolio,,https://www.klipfolio.com/,,,,,,,,
Kneron,,https://www.kneron.com,,,,,,,,
KNIME,,https://www.knime.com,,,,,,,,
KNIME Analytics Platform,,https://www.knime.com/,,,,,,,,
Komo AI,,https://www.komo.ai/,,,,,,,,
Kompyte,,https://www.kompyte.com/,,,,,,,,
Konan,,https://www.konan.ai,,,,,,,,
Kong Enterprise,,http://www.konghq.com,,,,,,,,
Kontron K-Edge,,https://www.kontron.com/en/solutions/k-edge,,,,,,,,
Kore.ai,,http://www.kore.ai,,,,,,,,
Kore.ai XO Platform,,https://www.kore.ai/platform,,,,,,,,
KrakenD,,http://www.krakend.io,,,,,,,,
KREA,,https://www.krea.ai/,,,,,,,,
Kuki,,http://www.kuki.ai,,,,,,,,
Kuki Chatbot,,https://www.kuki.ai/,,,,,,,,
Kyndi,,https://www.kyndi.com,,,,,,,,
L2X (Learning to Explain),,https://www.github.com/Jianbo-Lab/L2X,,,,,,,,
LAIKA,,https://www.writewithlaika.com/,,,,,,,,
Lalal.ai,,https://www.lalal.ai,,,,,,,,
LangChain,,http://www.langchain.com,,,,,,,,
Langfuse,,https://www.langfuse.com/,,,,,,,,
Lately,,https://www.lately.ai/,,,,,,,,
Later,,https://www.later.com/,,,,,,,,
Lattice sensAI,,https://www.latticesemi.com/sensAI,,,,,,,,
Lavender,,https://www.lavender.ai/,,,,,,,,
Le Chat by Mistral AI,,https://www.mistral.ai/le-chat,,,,,,,,
Leadfeeder,,https://www.leadfeeder.com/,,,,,,,,
Learn Prompting,,https://www.learnprompting.org/,,,,,,,,
Lemmy,,https://www.lemmy.co/,,,,,,,,
Lenovo ThinkEdge,,https://www.lenovo.com/us/en/data-center/solutions/edge-computing/thinkedge,,,,,,,,
Lensa,,https://www.prisma-ai.com/lensa,,,,,,,,
Let's Enhance,,https://www.letsenhance.io/,,,,,,,,
Lex,,https://www.lex.page,,,,,,,,
Lexica,,https://www.lexica.art/,,,,,,,,
Libraire,,https://www.libraire.ai/,,,,,,,,
LightTag,,https://www.lighttag.io,,,,,,,,
LIME (Local Interpretable Model-Agnostic Explanations),,https://www.github.com/marcotcr/lime,,,,,,,,
Linguix,,http://www.linguix.com,,,,,,,,
LiquidPlanner,,https://www.liquidplanner.com,,,,,,,,
Listomatic,,https://www.listomatic.app,,,,,,,,
Litmus,,https://www.litmus.com/,,,,,,,,
Litmus Builder,,https://www.litmus.com/builder,,,,,,,,
LLaMA,,https://www.ai.facebook.com/blog/large-language-model-llama-meta-ai/,,,,,,,,
Llama 2,,http://www.ai.meta.com/llama,,,,,,,,
Llama 2 (Meta),,https://www.ai.meta.com/llama,,,,,,,,
Llama 2 by Meta,,https://www.ai.facebook.com/tools/llama,,,,,,,,
LlamaIndex,,https://www.llamaindex.ai/,,,,,,,,
LMQL,,https://www.lmql.ai/,,,,,,,,
LogicBalls,,https://www.logicballs.com/,,,,,,,,
LogicNets,,https://www.logicnets.com,,,,,,,,
LongShot AI,,http://www.longshot.ai,,,,,,,,
Looker,,https://www.looker.com/,,,,,,,,
Loomly,,https://www.loomly.com,,,,,,,,
Loop AI,,https://www.loop.ai,,,,,,,,
Loopin AI,,https://www.loopinhq.com/,,,,,,,,
Loudly,,https://www.loudly.com,,,,,,,,
LRP (Layer-wise Relevance Propagation),,https://www.github.com/sebastian-lapuschkin/lrp_toolbox,,,,,,,,
Lucid AI,,https://www.lucid.ai,,,,,,,,
Lucidchart,,https://www.lucidchart.com/,,,,,,,,
Lumen5,,http://www.lumen5.com,,,,,,,,
Luzmo,,https://www.luzmo.com/,,,,,,,,
Mage,,https://www.mage.ai,,,,,,,,
Magic Eraser,,https://www.magiceraser.io/,,,,,,,,
Magic Write by Canva,,http://www.canva.com,,,,,,,,
Mailchimp,,https://www.mailchimp.com/,,,,,,,,
Mailjet,,https://www.mailjet.com/,,,,,,,,
Mailtrap,,https://www.mailtrap.io/,,,,,,,,
Majestic,,https://www.majestic.com/,,,,,,,,
Make,,https://www.make.com/,,,,,,,,
Make-A-Scene,,https://www.ai.facebook.com/blog/greater-creative-control-for-ai-image-generation/,,,,,,,,
ManyChat,,http://www.manychat.com,,,,,,,,
Marblism,,https://www.marblism.com,,,,,,,,
Marian NMT,,http://www.marian-nmt.github.io,,,,,,,,
Marin Software,,https://www.marinsoftware.com/,,,,,,,,
MarketMuse,,https://www.marketmuse.com/,,,,,,,,
Marketo,,https://www.marketo.com/,,,,,,,,
MarketShare,,https://www.marketshare.com/,,,,,,,,
MarkovML,,http://www.markovml.com,,,,,,,,
Mashery API Management,,http://www.tibco.com/products/api-management,,,,,,,,
Mavenlink,,https://www.mavenlink.com,,,,,,,,
MavSocial,,https://www.mavsocial.com,,,,,,,,
Maxim AI,,https://www.getmaxim.ai/,,,,,,,,
MediaMath,,https://www.mediamath.com/,,,,,,,,
MediaTek NeuroPilot,,https://www.mediatek.com/products/neuro-pilot,,,,,,,,
MeetEdgar,,https://www.meetedgar.com,,,,,,,,
MeetGeek,,https://www.get.meetgeek.ai/zmrnb5xlyfs9,,,,,,,,
Meltwater,,https://www.meltwater.com/,,,,,,,,
Mem,,https://www.mem.ai/,,,,,,,,
MemFree,,https://www.github.com/memfreeme/memfree,,,,,,,,
Mender,,https://www.mender.io,,,,,,,,
Mention,,https://www.mention.com/,,,,,,,,
Mentionlytics,,https://www.mentionlytics.com,,,,,,,,
Meta AI,,https://www.ai.facebook.com/,,,,,,,,
Meta Llama 3,,https://www.meta.com/llama-3,,,,,,,,
Meta Llama 4,,https://www.meta.com/llama-4,,,,,,,,
MetaGPT,,https://www.github.com/geekan/MetaGPT,,,,,,,,
Metaphor,,https://www.metaphor.systems/,,,,,,,,
Meya,,https://www.meya.ai/,,,,,,,,
Microsoft Azure,,https://www.azure.microsoft.com/,,,,,,,,
Microsoft Azure AI,,https://www.azure.microsoft.com/en-us/products/ai/,,,,,,,,
Microsoft Azure IoT Edge,,https://www.azure.microsoft.com/en-us/services/iot-edge,,,,,,,,
Microsoft Azure ML Interpretability,,https://www.azure.microsoft.com/en-us/products/machine-learning,,,,,,,,
Microsoft Azure OpenAI,,https://www.azure.microsoft.com/en-us/services/openai/,,,,,,,,
Microsoft Azure OpenAI Service,,https://www.azure.microsoft.com/en-us/services/openai-service/,,,,,,,,
Microsoft Bing Chat,,https://www.bing.com/chat,,,,,,,,
Microsoft Copilot,,http://www.microsoft.com/copilot,,,,,,,,
Microsoft DeepSpeed,,https://www.microsoft.com/en-us/research/project/deepspeed/,,,,,,,,
Microsoft Designer,,https://www.designer.microsoft.com/,,,,,,,,
Microsoft Dynamics 365,,https://www.dynamics.microsoft.com/,,,,,,,,
Microsoft IntelliCode,,https://www.visualstudio.microsoft.com/services/intellicode/,,,,,,,,
Microsoft Power Automate,,https://www.flow.microsoft.com/,,,,,,,,
Microsoft Project,,https://www.microsoft.com/en-us/microsoft-365/project,,,,,,,,
MicroStrategy,,https://www.microstrategy.com/,,,,,,,,
Midjourney,,http://www.midjourney.com,,,,,,,,
mimik Edge Cloud,,https://www.mimik.com,,,,,,,,
MindBridge Ai Auditor,,https://www.mindbridge.ai,,,,,,,,
MindMeld (Cisco),,https://www.mindmeld.com,,,,,,,,
MindsDB,,https://www.mindsdb.com,,,,,,,,
MiniCPM-2B,,https://www.huggingface.co/collections/openbmb/minicpm-2b-65d48bf958302b9fd25b698f,,,,,,,,
Mintlify,,https://www.mintlify.com/,,,,,,,,
Missinglettr,,https://www.missinglettr.com,,,,,,,,
Mistral AI,,http://www.mistral.ai,,,,,,,,
Mitsuku,,http://www.pandorabots.com/mitsuku,,,,,,,,
Mixmax,,https://www.mixmax.com/,,,,,,,,
MixMod,,http://mixmod.org/,,,,,,,,
ModelOp,,https://www.modelop.com,,,,,,,,
modyfi,,https://www.modyfi.io/,,,,,,,,
Mokkup,,https://www.mokkup.ai/,,,,,,,,
Monday.com,,https://www.monday.com/,,,,,,,,
Moonbeam,,https://www.gomoonbeam.com,,,,,,,,
Motion,,https://www.usemotion.com/,,,,,,,,
Moveworks,,http://www.moveworks.com,,,,,,,,
Moz,,https://www.moz.com/,,,,,,,,
Moz Link Explorer,,https://www.moz.com/link-explorer,,,,,,,,
Moz Local,,https://www.moz.com/products/local,,,,,,,,
Mubert,,https://www.mubert.com,,,,,,,,
MuleSoft Anypoint Platform,,http://www.mulesoft.com,,,,,,,,
Murf AI,,https://www.get.murf.ai/v8i9to5ad4oq,,,,,,,,
MusicLM,,https://www.google-research.github.io/seanet/musiclm/examples/,,,,,,,,
MutableAI,,https://www.mutable.ai/,,,,,,,,
MutahunterAI,,https://www.github.com/codeintegrity-ai/mutahunter,,,,,,,,
Mutiny,,https://www.mutinyhq.com/,,,,,,,,
Myriad,,https://www.namepepper.com/free-tools/ai-content-prompt-tool,,,,,,,,
Mythic AI,,https://www.mythic-ai.com/,,,,,,,,
n8n,,https://www.n8n.io/,,,,,,,,
Napkin,,https://www.napkin.ai/,,,,,,,,
Narrato,,https://www.narrato.io,,,,,,,,
Nativo,,https://www.nativo.com/,,,,,,,,
NeetoDesk,,https://www.neeto.com/neetodesk,,,,,,,,
NeevaAI,,https://www.neeva.com/ai,,,,,,,,
Nekton AI,,https://www.nekton.ai,,,,,,,,
Nemotron-4-340B,,https://www.huggingface.co/nvidia/Nemotron-4-340B-Instruct,,,,,,,,
Neota Logic,,https://www.neotalogic.com,,,,,,,,
Neptune.io,,http://www.neptune.io,,,,,,,,
NetBeans,,https://www.netbeans.apache.org/,,,,,,,,
NeuralText,,http://www.neuraltext.com,,,,,,,,
Neuroflash,,http://www.neuroflash.com,,,,,,,,
Neuton AI,,https://www.neuton.ai,,,,,,,,
Never Jobless LinkedIn Message Generator,,https://www.neverjobless.com/,,,,,,,,
Nexus AI,,https://www.mynexusai.com/,,,,,,,,
Nginx API Gateway,,http://www.nginx.com/products/api-gateway,,,,,,,,
Nielsen Marketing Cloud,,https://www.nielsen.com/us/en/solutions/marketing-effectiveness/marketing-mix-modeling/,,,,,,,,
NL2Formula,,https://www.nl2formula.github.io,,,,,,,,
Nokia MX Industrial Edge,,https://www.nokia.com/networks/industrial-grade-private-wireless/mx-industrial-edge,,,,,,,,
Notion,,https://www.notion.so,,,,,,,,
Notion AI,,https://www.affiliate.notion.so/9po6cx7rvdr6-4y5a7,,,,,,,,
Numerous.ai,,https://www.numerous.ai,,,,,,,,
NVIDIA AI,,http://www.nvidia.com/en-us/ai-data-science,,,,,,,,
NVIDIA Clara,,https://www.nvidia.com/en-us/clara/,,,,,,,,
NVIDIA Clara Holoscan,,https://www.nvidia.com/en-us/healthcare/clara-holoscan,,,,,,,,
NVIDIA EGX Platform,,https://www.nvidia.com/en-us/egx/,,,,,,,,
NVIDIA Jetson,,https://www.developer.nvidia.com/embedded-computing,,,,,,,,
NXP eIQ,,https://www.nxp.com/design/software/embedded-software/eIQ-ml-software-development-environment:EIQ-ML-SW,,,,,,,,
Obsidian Copilot Auto Completion,,https://www.github.com/obsidian-copilot/obsidian-copilot,,,,,,,,
Ocoya,,https://www.ocoya.com,,,,,,,,
OctoML,,http://www.octoml.ai,,,,,,,,
OLMo-7B,,https://www.huggingface.co/collections/allenai/olmo-suite-65aeaae8fe5b6b2122b46778,,,,,,,,
OmniLLM-12B,,https://www.huggingface.co/openbmb/OmniLMM-12B,,,,,,,,
OmniXAI (Salesforce Research),,https://www.github.com/salesforce/OmniXAI,,,,,,,,
One AI,,https://www.oneai.com,,,,,,,,
OneCal,,https://www.onecal.io/,,,,,,,,
OnlyOffice,,https://www.onlyoffice.com,,,,,,,,
ONNX,,http://www.onnx.ai,,,,,,,,
OpenAI API,,https://www.openai.com/api,,,,,,,,
OpenAI ChatGPT,,https://www.chat.openai.com,,,,,,,,
OpenAI Codex,,http://www.openai.com,,,,,,,,
OpenAI Cookbook,,https://www.github.com/openai/openai-cookbook,,,,,,,,
OpenAI Downtime Monitor,,https://www.status.portkey.ai/,,,,,,,,
OpenAI GPT-2,,https://www.openai.com/research/gpt-2,,,,,,,,
OpenAI GPT-3,,https://www.openai.com/research/gpt-3,,,,,,,,
OpenAI GPT-4,,https://www.openai.com/product/gpt-4,,,,,,,,
OpenAI GPT-4o,,https://www.openai.com/gpt-4o,,,,,,,,
OpenAI o1,,https://www.openai.com/o1,,,,,,,,
OpenAI o1-mini,,https://www.openai.com/o1-mini,,,,,,,,
OpenAI o3,,https://www.openai.com/o3,,,,,,,,
OpenAI o3-mini,,https://www.openai.com/o3-mini,,,,,,,,
OpenAI o3-mini-high,,https://www.openai.com/o3-mini-high,,,,,,,,
OpenAI Playground,,http://www.platform.openai.com/playground,,,,,,,,
OpenArt,,https://www.openart.ai/,,,,,,,,
OpenELM-1.1|3B,,https://www.huggingface.co/apple/OpenELM,,,,,,,,
OpenNMT,,http://www.opennmt.net,,,,,,,,
OpenText Magellan,,https://www.opentext.com/products/opentext-magellan,,,,,,,,
OpenVINO Toolkit,,https://www.docs.openvino.ai/latest/index.html,,,,,,,,
Operator by OpenAI,,https://www.openai.com/operator,,,,,,,,
OPT,,https://www.huggingface.co/facebook/opt-350m,,,,,,,,
Optimizely,,https://www.optimizely.com/,,,,,,,,
Oracle AI,,http://www.oracle.com/artificial-intelligence,,,,,,,,
Oracle Analytics Cloud,,https://www.oracle.com/analytics/,,,,,,,,
Oracle API Management,,http://www.oracle.com/api-management,,,,,,,,
Oracle Cloud AI,,https://www.oracle.com/artificial-intelligence/,,,,,,,,
Oracle Cloud Infrastructure Data Science,,https://www.oracle.com/cloud/data-science,,,,,,,,
Otter.ai,,https://www.otter.ai/,,,,,,,,
Outbrain,,https://www.outbrain.com/,,,,,,,,
Outranking,,https://www.outranking.io/,,,,,,,,
Outwrite,,http://www.outwrite.com,,,,,,,,
Owler,,https://www.owler.com/,,,,,,,,
PaddlePaddle,,http://www.paddlepaddle.org,,,,,,,,
Pagerly,,https://www.pagerly.io,,,,,,,,
Pandorabots,,http://www.pandorabots.com,,,,,,,,
Parabola,,https://www.parabola.io/,,,,,,,,
ParagraphAI,,http://www.paragraphai.com,,,,,,,,
Pardot,,https://www.pardot.com/,,,,,,,,
PathFactory,,https://www.pathfactory.com/,,,,,,,,
Pathmind,,http://www.pathmind.com,,,,,,,,
Patience.ai,,https://www.patience.ai/,,,,,,,,
Pawtrait,,https://www.pawtrait.art/,,,,,,,,
PDPbox,,https://www.github.com/SauceCat/PDPbox,,,,,,,,
Pega Platform,,https://www.pega.com/products/platform,,,,,,,,
Pegasystems,,http://www.pega.com,,,,,,,,
Peppertype,,https://www.peppertype.ai,,,,,,,,
Peppertype.ai,,http://www.peppertype.ai,,,,,,,,
Perceive Ergo,,https://www.perceive.io/,,,,,,,,
Perfect Audience,,https://www.perfectaudience.com/,,,,,,,,
Perplexity AI,,http://www.perplexity.ai,,,,,,,,
PersonaForce,,https://www.personaforce.ai/,,,,,,,,
Persuva,,https://www.persuva.ai,,,,,,,,
Petals,,https://www.github.com/bigscience-workshop/petals,,,,,,,,
Phi1-1.3B,,https://www.huggingface.co/microsoft/phi-1,,,,,,,,
Phi2-2.7B,,https://www.huggingface.co/microsoft/phi-2,,,,,,,,
Phi3-3.8|7|14B,,https://www.huggingface.co/microsoft/Phi-3-mini-4k-instruct,,,,,,,,
Phind,,https://www.phind.com/,,,,,,,,
Phoenix,,https://www.phoenix.arize.com/,,,,,,,,
PhotoRoom,,https://www.photoroom.com/,,,,,,,,
Phrasee,,https://www.phrasee.co/,,,,,,,,
Phygital,,https://www.app.phygital.plus/,,,,,,,,
Pic Craft,,http://www.piccraft.com,,,,,,,,
Pictory,,http://www.pictory.ai,,,,,,,,
Pieces,,https://www.pieces.app/,,,,,,,,
Piktochart,,https://www.piktochart.com/,,,,,,,,
Pinecone,,http://www.pinecone.io,,,,,,,,
Pipedream,,https://www.pipedream.com/,,,,,,,,
Pipedrive,,https://www.pipedrive.com/,,,,,,,,
Pitchbox,,https://www.pitchbox.com/,,,,,,,,
Piwik PRO,,https://www.piwik.pro/,,,,,,,,
Pixelz AI Art Generator,,https://www.pixelz.ai/,,,,,,,,
Pixvify AI,,https://www.pixvify.com/,,,,,,,,
Planable,,https://www.planable.io,,,,,,,,
PlanGuru,,https://www.planguru.com/,,,,,,,,
Planoly,,https://www.planoly.com,,,,,,,,
PlantPhotoAI,,https://www.plantphotoai.com/,,,,,,,,
Platform Name,,http://www.URL,,,,,,,,
Play.ht,,https://www.play.ht/,,,,,,,,
Playground AI,,https://www.playgroundai.com/,,,,,,,,
Pocket,,https://www.getpocket.com/,,,,,,,,
podcast.ai,,https://www.podcast.ai/,,,,,,,,
Podium,,https://www.podium.com/,,,,,,,,
PolyAI,,https://www.poly.ai,,,,,,,,
Polycoder,,https://www.github.com/OpenAI-Polycoder,,,,,,,,
Polymer,,https://www.polymersearch.com/,,,,,,,,
Ponzu,,https://www.ponzu.ai/,,,,,,,,
Portkey,,https://www.portkey.ai/,,,,,,,,
Post Planner,,https://www.postplanner.com,,,,,,,,
Postcards by Designmodo,,https://www.designmodo.com/postcards/,,,,,,,,
Postman,,http://www.postman.com,,,,,,,,
Postwise,,https://www.postwise.ai/,,,,,,,,
Power BI,,https://www.powerbi.microsoft.com/,,,,,,,,
Prediction Guard,,https://www.predictionguard.com/,,,,,,,,
Predis.ai,,https://www.predis.ai,,,,,,,,
PressPulse AI,,https://www.presspulse.ai/,,,,,,,,
Primer.ai,,https://www.primer.ai,,,,,,,,
privateGPT,,https://www.github.com/imartinez/privateGPT,,,,,,,,
PromoRepublic,,https://www.promorepublic.com,,,,,,,,
Prompt Engineering Guide,,https://www.github.com/dair-ai/Prompt-Engineering-Guide,,,,,,,,
PromptBase,,https://www.promptbase.com/,,,,,,,,
PromptLayer,,http://www.promptlayer.com,,,,,,,,
Promptmetheus,,http://www.promptmetheus.com,,,,,,,,
PromptPal,,https://www.promptpal.net,,,,,,,,
PromptPerfect,,http://www.promptperfect.com,,,,,,,,
ProofHub,,https://www.proofhub.com,,,,,,,,
ProWritingAid,,https://www.prowritingaid.com/,,,,,,,,
Publer,,https://www.publer.io,,,,,,,,
PublicPrompts,,https://www.publicprompts.art/,,,,,,,,
PulsePost,,https://www.pulsepost.io/,,,,,,,,
PyCharm,,https://www.jetbrains.com/pycharm/,,,,,,,,
PyTorch,,http://www.pytorch.org,,,,,,,,
Qlik,,https://www.qlik.com/,,,,,,,,
Qodo Gen,,https://www.qodo.ai/,,,,,,,,
Qualcomm Snapdragon,,https://www.qualcomm.com/products/snapdragon,,,,,,,,
Qualcomm Snapdragon AI,,https://www.qualcomm.com/products/edge-computing,,,,,,,,
Qualtrics,,https://www.qualtrics.com/,,,,,,,,
Quartzite AI,,http://www.quartzite.ai,,,,,,,,
Quick Creator,,https://www.quickcreator.io,,,,,,,,
QuillBot,,http://www.quillbot.com,,,,,,,,
quivr,,https://www.github.com/StanGirard/quivr,,,,,,,,
Quuu,,https://www.quuu.co,,,,,,,,
Qwen,,https://www.huggingface.co/collections/Qwen/qwen15-65c0a2f577b1ecb76d786524,,,,,,,,
Qwen 2.5-Max by Alibaba Cloud,,https://www.alibabacloud.com/qwen,,,,,,,,
Qwen-1.8|7|14|72B,,https://www.huggingface.co/collections/Qwen/qwen-65c0e50c3f1ab89cb8704144,,,,,,,,
Qwen-VL-7B,,https://www.huggingface.co/Qwen/Qwen-VL,,,,,,,,
Rainbird,,https://www.rainbird.ai,,,,,,,,
Rakuten Advertising,,https://www.rakutenadvertising.com/,,,,,,,,
Rank Math,,https://www.rankmath.com/,,,,,,,,
RapidAPI,,http://www.rapidapi.com,,,,,,,,
RapidMiner,,http://www.rapidminer.com,,,,,,,,
Rasa,,http://www.rasa.com,,,,,,,,
Raspberry Pi AI Camera,,https://www.raspberrypi.com/products/raspberry-pi-ai-camera/,,,,,,,,
Recall,,https://www.getrecall.ai/,,,,,,,,
Recast Studio,,https://www.recast.studio,,,,,,,,
Reclaim.ai,,https://www.reclaim.ai/,,,,,,,,
RecurPost,,https://www.recurpost.com,,,,,,,,
Red Hat OpenShift at the Edge,,https://www.redhat.com/en/technologies/cloud-computing/openshift/edge,,,,,,,,
Redwood (by Redwood Software),,https://www.redwood.com/,,,,,,,,
Redwood AI,,https://www.redwoodai.com/,,,,,,,,
Refact.ai,,https://www.refact.ai/,,,,,,,,
Refersion,,https://www.refersion.com/,,,,,,,,
Remove.bg,,https://www.remove.bg/,,,,,,,,
Rephrase AI,,https://www.rephrase.ai/,,,,,,,,
Rephrase.ai,,https://www.rephrase.ai,,,,,,,,
Replicate,,http://www.replicate.com,,,,,,,,
Replika,,http://www.replika.ai,,,,,,,,
Replit Ghostwriter,,https://www.replit.com/site/ghostwriter,,,,,,,,
RepublicLabs.AI,,https://www.republiclabs.ai/,,,,,,,,
Reputology,,https://www.reputology.com/,,,,,,,,
Resemble AI,,https://www.resemble.ai/,,,,,,,,
Responsible AI Dashboard (Microsoft),,https://www.github.com/microsoft/responsible-ai-toolbox,,,,,,,,
Rizzle,,http://www.rizzle.tv,,,,,,,,
Robert Miles AI Safety,,https://www.youtube.com/@RobertMilesAI,,,,,,,,
romptloop,,https://www.promptloop.com,,,,,,,,
Room Reinvented,,https://www.roomreinvented.com,,,,,,,,
Rosie,,https://www.heyrosie.com/,,,,,,,,
RunDiffusion,,https://www.rundiffusion.com/,,,,,,,,
Runway,,http://www.runwayml.com,,,,,,,,
Runway Gen-2,,http://www.runwayml.com/gen2,,,,,,,,
Runway ML,,https://www.runwayml.com/,,,,,,,,
RunwayML,,https://www.runwayml.com/,,,,,,,,
Rupert AI,,https://www.getrupert.com/,,,,,,,,
RWKV-v4|5|6,,https://www.huggingface.co/RWKV,,,,,,,,
Rytr,,http://www.rytr.me,,,,,,,,
Salesforce,,https://www.salesforce.com/,,,,,,,,
Salesforce Einstein,,http://www.salesforce.com/einstein,,,,,,,,
Salesforce Einstein GPT,,https://www.salesforce.com/products/einstein-gpt/,,,,,,,,
Salesforce Email Studio,,https://www.salesforce.com/products/marketing-cloud/email-marketing/,,,,,,,,
Samsung Exynos,,https://www.samsung.com/semiconductor/minisite/exynos/,,,,,,,,
SaneBox,,https://www.try.sanebox.com/yzkpe5s68xk2,,,,,,,,
SAP AI,,http://www.sap.com/products/artificial-intelligence,,,,,,,,
SAP Analytics Cloud,,https://www.sap.com/products/technology-platform/analytics-cloud.html,,,,,,,,
SAP Leonardo,,http://www.sap.com/leonardo,,,,,,,,
Sapling,,https://www.sapling.ai/,,,,,,,,
SAS Marketing Mix,,https://www.sas.com/en_us/solutions/customer-intelligence/marketing-mix-modeling.html,,,,,,,,
SAS Visual Data Mining & ML,,https://www.sas.com/en_us/software/visual-data-mining-machine-learning.html,,,,,,,,
SAS Viya,,http://www.sas.com/viya,,,,,,,,
Sassbook AI,,http://www.sassbook.com,,,,,,,,
Scale Computing HC3 Edge,,https://www.scalecomputing.com/solutions/edge-computing,,,,,,,,
Scale Spellbook,,https://www.scale.com/spellbook,,,,,,,,
Scalenut,,http://www.scalenut.com,,,,,,,,
Scalys TrustBox,,https://www.scalys.com,,,,,,,,
Scenario,,https://www.scenario.com/,,,,,,,,
Scikit-learn,,http://www.scikit-learn.org,,,,,,,,
Scite,,https://www.scite.ai,,,,,,,,
Scoop.it,,https://www.scoop.it/,,,,,,,,
Scoro,,https://www.scoro.com,,,,,,,,
Screaming Frog,,https://www.screamingfrog.co.uk/seo-spider/,,,,,,,,
SDXL,,http://www.sdxl.ai,,,,,,,,
SE Ranking,,https://www.seranking.com/,,,,,,,,
Seeed reComputer,,https://www.seeedstudio.com/category/reComputer-c-442.html,,,,,,,,
Segment,,https://www.segment.com/,,,,,,,,
Seldon,,http://www.seldon.io,,,,,,,,
Seldon Deploy,,https://www.seldon.io/enterprise,,,,,,,,
Sembly AI,,https://www.sembly.ai/,,,,,,,,
SEMrush,,https://www.semrush.com/,,,,,,,,
Sendible,,https://www.sendible.com,,,,,,,,
SendinBlue,,https://www.sendinblue.com/,,,,,,,,
SensiML,,https://www.sensiml.com,,,,,,,,
SEOWind,,http://www.seowind.io,,,,,,,,
SERPWatcher,,https://www.mangools.com/serpwatcher,,,,,,,,
Seventh Sense,,https://www.theseventhsense.com/,,,,,,,,
SHAP (SHapley Additive exPlanations),,https://www.shap.readthedocs.io/,,,,,,,,
SHAPash,,https://www.github.com/MAIF/shapash,,,,,,,,
ShareASale,,https://www.shareasale.com/,,,,,,,,
SheetAgent,,https://www.sheetagent.github.io,,,,,,,,
SheetAI,,https://www.sheetai.app,,,,,,,,
SheetAI App,,https://www.sheetai.app/,,,,,,,,
SheetCopilot,,https://www.sheetcopilot.github.io,,,,,,,,
SheetGod,,https://www.sheetgod.com,,,,,,,,
ShortlyAI,,https://www.shortlyai.com/,,,,,,,,
ShortVideoGen,,https://www.shortgen.video/,,,,,,,,
Shotstack Workflows,,https://www.shotstack.io/product/workflows/,,,,,,,,
Shy Editor,,https://www.shyeditor.com,,,,,,,,
Siemens Industrial Edge,,https://www.new.siemens.com/global/en/products/services/industrial-edge.html,,,,,,,,
SiMa.ai,,https://www.sima.ai,,,,,,,,
SimilarWeb,,https://www.similarweb.com/,,,,,,,,
Simple ML for Sheets,,https://www.developers.google.com/ml-simple,,,,,,,,
Simplified,,https://www.simplified.com/,,,,,,,,
Simplified AI,,http://www.simplified.co,,,,,,,,
Sinequa,,https://www.sinequa.com,,,,,,,,
SinglebaseCloud,,https://www.singlebase.cloud,,,,,,,,
Sipeed MAIX,,https://www.sipeed.com/,,,,,,,,
Sisense,,https://www.sisense.com/,,,,,,,,
Sitebulb,,https://www.sitebulb.com/,,,,,,,,
SiteGPT,,https://www.sitegpt.ai/,,,,,,,,
SiteSpeakAI,,https://www.sitespeak.ai,,,,,,,,
Skater,,https://www.github.com/datascienceinc/Skater,,,,,,,,
Smaply,,https://www.smaply.com/,,,,,,,,
SmarterQueue,,https://www.smarterqueue.com,,,,,,,,
Smartly.io,,https://www.smartly.io/,,,,,,,,
Smartsheet,,https://www.smartsheet.com/,,,,,,,,
Smartwriter.ai,,http://www.smartwriter.ai,,,,,,,,
Snapy AI,,http://www.snapyai.com,,,,,,,,
SnatchBot,,http://www.snatchbot.me,,,,,,,,
Snazzy AI,,http://www.snazzy.ai,,,,,,,,
Snowflake AI,,http://www.snowflake.com,,,,,,,,
SocialBee,,https://www.socialbee.io/,,,,,,,,
SocialOomph,,https://www.socialoomph.com,,,,,,,,
SocialPilot,,https://www.socialpilot.co,,,,,,,,
Socialsonic,,https://www.socialsonic.com,,,,,,,,
Sonnet,,http://www.deepmind.com/open-source/sonnet,,,,,,,,
Sonnet 3.5,,https://www.sonnet.ai/3.5,,,,,,,,
Sora by OpenAI,,https://www.openai.com/sora,,,,,,,,
Sorcero,,https://www.sorcero.com,,,,,,,,
Soundful,,https://www.soundful.com,,,,,,,,
Soundraw,,http://www.soundraw.io,,,,,,,,
Sourcegraph Cody,,https://www.about.sourcegraph.com/cody,,,,,,,,
Sourcely,,https://www.sourcely.net/,,,,,,,,
SparkBeyond,,https://www.sparkbeyond.com,,,,,,,,
SparkCognition Darwin,,https://www.sparkcognition.com/product/darwin,,,,,,,,
SparkCognition DeepNLP,,https://www.sparkcognition.com/deepnlp,,,,,,,,
Spell,,http://www.spell.run,,,,,,,,
Spellbook,,https://www.spellbook.legal,,,,,,,,
Splash Pro,,https://www.splashpro.com,,,,,,,,
Spreadsheet AI,,https://www.appsource.microsoft.com/en-us/product/office/wa200006009,,,,,,,,
Sprinklr,,https://www.sprinklr.com/,,,,,,,,
Sprout Social,,https://www.sproutsocial.com/,,,,,,,,
SpyFu,,https://www.spyfu.com/,,,,,,,,
Squarespace,,https://www.squarespace.com/,,,,,,,,
Squoosh,,https://www.squoosh.app/,,,,,,,,
Stability AI,,https://www.stability.ai,,,,,,,,
Stable Beluga,,https://www.huggingface.co/stabilityai/StableBeluga1-Delta,,,,,,,,
Stable Beluga 2,,https://www.huggingface.co/stabilityai/StableBeluga2,,,,,,,,
Stable Diffusion,,http://www.stability.ai,,,,,,,,
Stable Horde,,https://www.stablehorde.net/,,,,,,,,
Stableboost,,https://www.stableboost.ai/,,,,,,,,
StableCode-3B,,https://www.huggingface.co/collections/stabilityai/stable-code-64f9dfb4ebc8a1be0a3f7650,,,,,,,,
StableLM-v2-1.6|12B,,https://www.huggingface.co/collections/stabilityai/stable-lm-650852cfd55dd4e15cdcb30a,,,,,,,,
StarCoder-1|3|7B,,https://www.huggingface.co/collections/bigcode/%E2%AD%90-starcoder-64f9bd5740eb5daaeb81dbec,,,,,,,,
StarCoder2-3|7|15B,,https://www.huggingface.co/collections/bigcode/starcoder2-65de6da6e87db3383572be1a,,,,,,,,
Statista,,https://www.statista.com/,,,,,,,,
Stenography,,https://www.stenography.dev/,,,,,,,,
Stepsize,,https://www.stepsize.com/,,,,,,,,
StockPhotoAI.net,,https://www.stockphotoai.net/,,,,,,,,
Streak,,https://www.streak.com/,,,,,,,,
Stripo,,https://www.stripo.email/,,,,,,,,
Sudowrite,,http://www.sudowrite.com,,,,,,,,
Supermetrics,,https://www.supermetrics.com/,,,,,,,,
Surfer AI,,http://www.surferseo.com,,,,,,,,
Surfer SEO,,https://www.surferseo.com,,,,,,,,
SurferSEO,,https://www.surferseo.com/,,,,,,,,
SurveyMonkey,,https://www.surveymonkey.com/,,,,,,,,
SVGStud.io,,https://www.svgstud.io/,,,,,,,,
SwaggerHub,,http://www.swagger.io/tools/swaggerhub,,,,,,,,
SWI-Prolog,,https://www.swi-prolog.org,,,,,,,,
Sybill,,https://www.sybill.ai/,,,,,,,,
Synerise Edge AI,,https://www.synerise.com,,,,,,,,
Synthesia,,http://www.synthesia.io,,,,,,,,
Synthesys,,http://www.synthesys.io,,,,,,,,
Syntiant,,https://www.syntiant.com/,,,,,,,,
Synup,,https://www.synup.com/,,,,,,,,
Tableau,,https://www.tableau.com/,,,,,,,,
Tabnine,,https://www.tabnine.com/,,,,,,,,
Taboola,,https://www.taboola.com/,,,,,,,,
Tactiq,,https://www.tactiq.io/,,,,,,,,
TailorTask,,https://www.wwww.tailortask.ai,,,,,,,,
Talkwalker,,https://www.talkwalker.com/,,,,,,,,
Tallyfy,,https://www.tallyfy.com/,,,,,,,,
Tapfiliate,,https://www.tapfiliate.com/,,,,,,,,
Taplio,,https://www.taplio.com,,,,,,,,
Tara AI,,https://www.tara.ai,,,,,,,,
Taranify,,https://www.taranify.com,,,,,,,,
Taskade,,https://www.taskade.com,,,,,,,,
Teamwork,,https://www.teamwork.com,,,,,,,,
Telborg,,https://www.telborg.com/,,,,,,,,
Teleprompter,,https://www.github.com/danielgross/teleprompter,,,,,,,,
Tencent Cloud AI,,http://www.intl.cloud.tencent.com/solutions/ai,,,,,,,,
Teneo (Artificial Solutions),,https://www.artificial-solutions.com/teneo,,,,,,,,
TensorFlow,,http://www.tensorflow.org,,,,,,,,
Tenstorrent,,https://www.tenstorrent.com/,,,,,,,,
Tesla Dojo,,https://www.tesla.com/AI,,,,,,,,
Text Blaze,,http://www.blaze.today,,,,,,,,
TextCortex,,https://www.textcortex.com/,,,,,,,,
TextCortex AI,,http://www.textcortex.com,,,,,,,,
Textio,,https://www.textio.com/,,,,,,,,
The Trade Desk,,https://www.thetradedesk.com/,,,,,,,,
Theano,,http://www.deeplearning.net/software/theano,,,,,,,,
There's an AI,,https://www.theresanai.com,,,,,,,,
This Image Does Not Exist,,https://www.thisimagedoesnotexist.com/,,,,,,,,
ThoughtSpot,,https://www.th,,,,,,,,
TIBCO AI,,http://www.tibco.com/solutions/artificial-intelligence,,,,,,,,
TIBCO Compute at the Edge,,https://www.tibco.com/solutions/edge-computing,,,,,,,,
TIBCO Spotfire,,https://www.tibco.com/products/tibco-spotfire,,,,,,,,
Tidio,,https://www.tidio.com/,,,,,,,,
Tiledesk,,https://www.tiledesk.com/,,,,,,,,
TinyPNG,,https://www.tinypng.com/,,,,,,,,
Toluna,,https://www.toluna.com/,,,,,,,,
Tome AI,,http://www.tome.app,,,,,,,,
Topaz Labs Gigapixel AI,,https://www.topazlabs.com/gigapixel-ai,,,,,,,,
TorToiSe,,https://www.github.com/neonbjb/tortoise-tts,,,,,,,,
Touchlead,,https://www.touchlead.app/,,,,,,,,
Traackr,,https://www.traackr.com/,,,,,,,,
Transformers.js,,http://www.xenova.github.io/transformers.js,,,,,,,,
Tray.io,,https://www.tray.io/,,,,,,,,
TreeInterpreter,,https://www.github.com/andosa/treeinterpreter,,,,,,,,
Trello,,https://www.trello.com/,,,,,,,,
TripleLift,,https://www.triplelift.com/,,,,,,,,
TruEra,,https://www.truera.com,,,,,,,,
Trustpilot,,https://www.trustpilot.com/,,,,,,,,
TurboPilot,,https://www.github.com/ravenscroftj/turbopilot,,,,,,,,
Tweet Hunter,,https://www.tweethunter.io,,,,,,,,
Tyk API Gateway,,http://www.tyk.io,,,,,,,,
Type,,http://www.type.ai,,,,,,,,
Typeform,,https://www.typeform.com/,,,,,,,,
Ubersuggest,,https://www.neilpatel.com/ubersuggest/,,,,,,,,
UiPath,,http://www.uipath.com,,,,,,,,
UiPath AI Center,,https://www.uipath.com/product/ai-center,,,,,,,,
Unbounce,,https://www.unbounce.com/,,,,,,,,
Upfluence,,https://www.upfluence.com/,,,,,,,,
V7 Labs,,http://www.v7labs.com,,,,,,,,
VALL-E X,,https://www.vallex-demo.github.io/,,,,,,,,
VanceAI,,https://www.vanceai.com/,,,,,,,,
VectorArt.ai,,https://www.vectorart.ai,,,,,,,,
Vicuna-13B,,https://www.lmsys.org/blog/2023-03-30-vicuna/,,,,,,,,
VisCPM-10B,,https://www.huggingface.co/openbmb/VisCPM-Chat,,,,,,,,
Viso Suite,,https://www.viso.ai,,,,,,,,
Vista Social,,https://www.vistasocial.com,,,,,,,,
VMware Pulse IoT,,https://www.vmware.com/products/pulse-iot-center.html,,,,,,,,
VWO,,https://www.vwo.com/,,,,,,,,
Wand.ai,,https://www.wand.ai,,,,,,,,
Weights & Biases,,http://www.wandb.ai,,,,,,,,
WellSaid,,https://www.wellsaidlabs.com/,,,,,,,,
What-If Tool,,https://www.pair-code.github.io/what-if-tool/,,,,,,,,
WhiteSmoke,,https://www.whitesmoke.com/,,,,,,,,
Whitespark,,https://www.whitespark.ca/,,,,,,,,
WhoDB,,https://www.github.com/clidey/whodb,,,,,,,,
WhyLabs,,https://www.whylabs.ai,,,,,,,,
Widen,,https://www.widen.com/,,,,,,,,
Windmill,,https://www.windmill.dev/0,,,,,,,,
Wipro HOLMES,,http://www.wipro.com/holmes,,,,,,,,
Woebot,,http://www.woebot.io,,,,,,,,
WordHero,,http://www.wordhero.co,,,,,,,,
WordPress,,https://www.wordpress.com/,,,,,,,,
WordStream,,https://www.wordstream.com/,,,,,,,,
Wordtune,,http://www.wordtune.com,,,,,,,,
Wordware,,https://www.wordware.ai,,,,,,,,
Workato,,https://www.workato.com/,,,,,,,,
WorkOtter,,https://www.workotter.com,,,,,,,,
Wrike,,https://www.wrike.com/,,,,,,,,
Writecream,,http://www.writecream.com,,,,,,,,
Writer,,http://www.writer.com,,,,,,,,
Writerly,,http://www.writerly.ai,,,,,,,,
Writesonic,,https://www.writesonic.com/,,,,,,,,
Writesonic AI,,https://www.writesonic.com/,,,,,,,,
WSO2 API Manager,,http://www.wso2.com/api-management,,,,,,,,
Xilinx AI Platform,,https://www.xilinx.com/applications/megatrends/machine-learning.html,,,,,,,,
Xilinx Edge AI (AMD),,https://www.xilinx.com/applications/megatrends/edge-ai.html,,,,,,,,
XMind,,https://www.xmind.app/,,,,,,,,
Xtensio,,https://www.xtensio.com/,,,,,,,,
Yellow.ai,,http://www.yellow.ai,,,,,,,,
Yesware,,https://www.yesware.com/,,,,,,,,
Yext,,https://www.yext.com/,,,,,,,,
Yi,,https://www.huggingface.co/collections/01-ai/yi-15-2024-05-663f3ecab5f815a3eaca7ca8,,,,,,,,
Yi-34B,,https://www.huggingface.co/collections/01-ai/yi-2023-11-663f3f19119ff712e176720f,,,,,,,,
Yi-VL-6B|34B,,https://www.huggingface.co/collections/01-ai/yi-vl-663f557228538eae745769f3,,,,,,,,
Yoast SEO,,https://www.yoast.com/,,,,,,,,
Yomu,,https://www.yomu.ai,,,,,,,,
Yotpo,,https://www.yotpo.com/,,,,,,,,
YouWrite by You.com,,http://www.you.com,,,,,,,,
Zapier,,https://www.zapier.com/,,,,,,,,
Zendesk,,https://www.zendesk.com/,,,,,,,,
Zest AI,,https://www.zest.ai,,,,,,,,
Zoho CRM,,https://www.zoho.com/crm/,,,,,,,,
Zoho Projects,,https://www.zoho.com/projects/,,,,,,,,
Zoho Sheet's Zia,,https://www.zoho.com/sheet/zia.html,,,,,,,,
Zoho Social,,https://www.zoho.com/social,,,,,,,,
Zyro AI,,http://www.zyro.com,,,,,,,,
